中文,英文
美国,United States
阿肯色,Arkansas
费耶特维尔,Fayetteville
史密斯堡,Fort Smith
小石城,Little Rock
阿拉巴马,Alabama
伯明罕,Birmingham
蒙哥马利,Montgomery
莫比尔,Mobile
阿拉斯加,Alaska
安克雷奇,Anchorage
费尔班克斯,Fairbanks
朱诺,Juneau
爱达荷,Idaho
爱达荷福尔斯,Idaho Falls
波卡特洛,Pocatello
博伊西,Boise
布莱克富特,Blackfoot
科达伦,Coeur d'Alene
刘易斯顿,Lewiston
莫斯科,Moscow
墨菲,Murphy
楠帕,Nampa
岂彻姆,Ketchum
森瓦利,SunValley
亚美利加瀑布城,American Rapids
爱荷华,Iowa
达文波特,Davenport
得梅因,Des Moines
锡达拉皮兹,Cedar Rapids
北达科他,North Dakota
俾斯麦,Bismarck
大福克斯,Grand Forks
法戈,Fargo
迈诺特,Minot
北卡罗来纳,North Carolina
艾许维尔,Asheville
杜罕,Durham
格林斯伯勒,Greensboro
教堂山,Chapel Hill
罗利,Raleigh
洛利杜罕都会区,The Luoliduhan metropolitan area
夏洛特,Charlotte
宾夕法尼亚,Pennsylvania
阿伦敦,Allentown
费城,Philadelphia
匹兹堡,Pittsburgh
德克萨斯,Texas
埃尔帕索,El Paso
奥斯汀,Austin
达拉斯,Dallas
哥帕斯基斯蒂,Gepasiji Christi
交维斯顿,Cross-Weston
拉雷多,Laredo
麦亚伦,Mel Allen
圣安东尼奥,San Antonio
休斯敦,Houston
俄亥俄,Ohio
代顿,Dayton
哥伦布,Columbus
克利夫兰,Cleveland
托莱多,Toledo
辛辛那提,Cincinnati
俄克拉荷马,Oklahoma
俄克拉荷马城,Oklahoma City
诺曼,Norman
塔尔萨,Tulsa
俄勒冈,Oregon
本德,Bend
波特兰,Portland
达尔斯,Dals
达拉斯,Dallas
蒂拉穆克,Tillamook
格兰茨帕斯,Grants Pass
胡德里弗,Hood River
火山口湖,Crater Lake
科瓦利斯,Corvallis
库斯贝,Coos Bay
梅德福,Medford
塞勒姆,Salem
圣海伦斯,St. Helens
斯普林菲尔德,Springfield
尤金,Eugene
佛罗里达,Florida
奥兰多,Orlando
基韦斯特,Key West
杰克逊维尔,Jacksonville
卡纳维尔角,Cape Canaveral
罗德岱堡,Fort Lauderdale
迈阿密,Miami
圣彼德斯堡市,St. Petersburg City
塔拉哈西,Tallahassee
坦帕,Tampa
佛蒙特,Vermont
伯灵顿,Burlington
拉特兰,Rutland
南伯灵顿,South Burlington
哥伦比亚特区,District of Columbia
华盛顿哥伦比亚特区,"Washington, DC"
华盛顿,Washington
斯波坎,Spokane
塔科马,Tacoma
西雅图,Seattle
怀俄明,Wyoming
埃文斯顿,Evanston
卡斯珀,Casper
拉勒米,Laramie
罗克斯普林斯,Rock Springs
夏延,Cheyenne
谢里登,Sheridan
加利福尼亚,California
旧金山,San Francisco
洛杉矶,Los Angeles
圣迭戈,San Diego
圣何塞,San Jose
堪萨斯,Kansas
阿比林,Abilene
奥弗兰公园,Overland Park
哈钦森,Hutchinson
堪萨斯城,Kansas City
莱文沃思,Leavenworth
劳伦斯,Lawrence
曼哈顿,Manhattan
托皮卡,Topeka
威奇托,Wichita
康涅狄格,Connecticut
布里奇波特,Bridgeport
达里恩,Darien
格林尼治,Greenwich
哈特福德,Hartford
米德尔顿,Middleton
纽黑文,New Haven
韦斯特波特,Westport
沃特伯里,Waterbury
新不列颠,New Britain
科罗拉多,Colorado
阿斯彭,Aspen
奥罗拉,Aurora
博尔德,Boulder
大章克申,Grand Junction
丹佛,Denver
柯林斯堡,Fort Collins
科罗拉多斯普林斯,Colorado Springs
韦尔,Vail
肯塔基,Kentucky
列克星敦,Lexington
路易斯维尔,Louisville
欧文斯伯勒,Owensboro
路易斯安那,Louisiana
巴吞鲁日,Baton Rouge
什里夫波特,Shreveport
新奥尔良,New Orleans
罗德岛,Rhode Island
波塔基特,Pawtucket
克兰斯顿,Cranston
纽波特,Newport
普罗维登斯,Providence
韦斯特利,Westley
文索基特,Woonsocket
沃威克,Warwick
马里兰,Maryland
巴尔的摩,Baltimore
盖瑟斯堡,Gaithersburg
罗克维尔,Rockville
马萨诸塞,Massachusetts
波士顿,Boston
斯普林菲尔德,Springfield
伍斯特,Worcester
蒙大拿,Montana
比灵斯,Billund
大瀑布村,Great Falls
米苏拉,Missoula
密苏里,Missouri
哥伦比亚,Columbia
杰佛逊市,Jefferson City
堪萨斯城,Kansas City
圣路易斯,St. Louis
斯普林菲尔德,Springfield
密西西比,Mississippi
比洛克西,Biloxi
格尔夫波特,Gulfport
格林维尔,Greenville
哈蒂斯堡,Hattiesburg
杰克逊,Jackson
默里迪恩,Meridian
维克斯堡,Vicksburg
密歇根,Michigan
安娜堡,Ann Arbor
巴特尔克里克,Battle Creek
贝城,Bay City
大急流城,Grand Rapids
迪尔伯恩,Dearborn
底特律,Detroit
弗林特,Flint
怀恩多特,Wyandotte
卡拉马,Calama Cho
兰辛,Lansing
马斯基根,Muskegon
庞F亚克,Pontiac
萨吉诺,Saginaw
苏圣玛丽,Sault Ste Marie
沃伦,Warren
休伦港,Port Huron
缅因,Maine
班戈,Bangor
波特兰,Portland
刘易斯顿,Lewiston
明尼苏达,Minnesota
罗切斯特,Rochester
明尼阿波利斯,Minneapolis
圣保罗,Sao Paulo
内布拉斯加,Nebraska
奥马哈,Omaha
贝尔维尤,Bellevue
林肯,Lincoln
内华达,Nevada
埃尔科,Elko
北拉斯维加斯,North Las Vegas
弗吉尼亚城,Virginia City
亨德森,Henderson
卡森城,Carson City
拉斯维加斯,Las Vegas
里诺,Reno
斯帕克斯,Sparks
南达科他,South Dakota
阿伯丁,Aberdeen
拉皮德城,Rapid City
苏福尔斯,Sioux Falls
南卡罗来纳,South Carolina
北查尔斯顿,North Charleston
查尔斯顿,Charleston
哥伦比亚,Columbia
纽约,New York
布法罗,Buffalo
罗切斯特,Rochester
纽约市,New York City
特拉华,Delaware
多佛,Dover
纽瓦克,Newark
威明顿,Wilmington
田纳西,Tennessee
布利斯托,Wembley Stowe
查塔努加,Chattanooga
金斯波特,Kingsport
孟菲斯,Memphis
纳什维尔,Nashville
诺克斯维尔,Knoxville
三城区,Three Districts
士麦那,Smyrna
斯普林希尔,Spring Hill
约翰逊城,Johnson City
威斯康星,Wisconsin
阿普顿,Appleton meal
奥什科什,Oshkosh
格林贝,Green Bay
基诺沙,Kenosha
拉克罗斯,La Crosse
拉辛,Racine
马尼托沃克,Manitowoc
迈迪逊,Madison
密尔沃基,Milwaukee
欧克莱,Ouke Lai Lovell
沃索,Wausau
希博伊根,Sheboygan
维吉尼亚,Virginia
弗吉尼亚比奇,Virginia Beach
诺福克,Norfolk
切萨皮克,Chesapeake
西佛吉尼亚,West Virginia
查尔斯顿,Charleston
亨廷顿,Huntington
帕克斯堡,Parkersburg
夏威夷,Hawaii
凯卢阿,Kailua
檀香山,Honolulu
希洛,Hilo
新罕布什尔,New Hampshire
康科德,Concord
曼彻斯特,Manchester
纳舒厄,Nashua
新墨西哥,New Mexico
阿尔伯克基,Albuquerque
拉斯克鲁塞斯,Las Cruces
罗斯韦尔,Roswell
圣菲,Santa Fe
新泽西,New Jersey
纽瓦克,Newark
帕特森,Patterson
泽西城,Jersey City
亚利桑那,Arizona
凤凰城,Phoenix
格兰代尔,Glendale
梅萨,Mesa
史卡兹代尔,Shi Kazi Lauderdale
坦普,Templeton
图森,Tucson
优玛,Yuma
伊利诺斯,Illinois
奥尔顿,Alton
奥罗拉,Aurora
布卢明顿,Bloomington
丹维,Danville
迪卡尔布,DeKalb
迪凯持,Dikai held
东圣路易斯,East St. Louis
厄巴纳-香,Urbana - Hong
盖尔斯堡,Galesburg
卡本代尔,Carbondale
罗克艾兰,Rock Island
罗克福德,Rockford
诺a尔,Snow Summerside Seoul
皮奥里亚,Peoria
森特勒利亚,Centralia
斯普林菲尔德,Springfield
沃其根,Wal-its root
芝加哥,Chicago
印第安那,Indiana
埃文斯维尔,Evansville
韦恩堡,Fort Wayne
印第安纳波利斯,Indianapolis
犹他,Utah
奥格登,Ogden
雷登,Redden
欧仁,Eugene
帕克城,Park City
普罗沃,Provo
圣乔治,St. George's
西瓦利城,West Valley City
盐湖城,Salt Lake City
佐治亚,Georgia
奥古斯塔,Augusta
哥伦布,Columbus
梅肯,Macon
沙瓦纳,Savannah
亚特兰大,Atlanta
中国,China
北京,Beijing
东城,Lower East Side
西城,West Side
崇文,Chongwen
宣武,Xuanwu
朝阳,Chaoyang
丰台,Fengtai
石景山,Shijingshan
海淀,Haidian
门头沟,Mentougou
房山,Fangshan
通州,Tongzhou
顺义,Shunyi
昌平,Changping
大兴,Daxing
怀柔,Conciliation
平谷,Pinggu
密云,Miyun
延庆,Yanqing
天津,Tianjin
和平,Peace
河东,Hedong
河西,Hexi
南开,Nankai
河北,Hebei
红桥,Hongqiao
塘沽,Tanggu
汉沽,Hangu
大港,Dagang
东丽,Toray
西青,West Green
津南,Jinnan
北辰,North Star
武清,Wuqing
宝坻,Baodi
宁河,Ninghe
静海,Jinghai
蓟县,Jixian
河北,Hebei
石家庄,Shijiazhuang
唐山,Tangshan
秦皇岛,Qinhuangdao
邯郸,Handan
邢台,Xingtai
保定,Baoding
张家口,Zhangjiakou
承德,Chengde
沧州,Cangzhou
廊坊,Langfang
衡水,Hengshui
山西,Shanxi
太原,Taiyuan
大同,Datong
阳泉,Yangquan
长治,Changzhi
晋城,Jincheng
朔州,Shuozhou
晋中,Jinzhong
运城,Yuncheng
忻州,Xinzhou
临汾,Linfen
吕梁,Luliang
内蒙古,Inner Mongolia
呼和浩特,Hohhot
包头,Baotou
乌海,Wuhai
赤峰,Chifeng
通辽,Tongliao
鄂尔多斯,Ordos
呼伦贝尔,Hulunbeier
巴彦淖尔,Bayannur
乌兰察布,Wulanchabu
兴安,Larix
锡林郭勒,Xilin Gol
阿拉善,Alashan
辽宁,Liaoning Province
沈阳,Shenyang
大连,Dalian
鞍山,Anshan
抚顺,Fushun
本溪,Benxi
丹东,Dandong
锦州,Jinzhou
营口,Yingkou
阜新,Fuxin
辽阳,Liaoyang
盘锦,Panjin
铁岭,Tieling
朝阳,Chaoyang
葫芦岛,Huludao
吉林,Jilin
长春,Changchun
吉林,Jilin
四平,Siping
辽源,Liaoyuan
通化,Tonghua
白山,White Mountain
松原,Matsubara
白城,Baicheng
延边,Yanbian
黑龙江,Heilongjiang
哈尔滨,Harbin
齐齐哈尔,Qiqihar
鸡西,Jixi
鹤岗,Hegang
双鸭山,Shuangyashan
大庆,Daqing
伊春,Yichun
佳木斯,Jiamusi
七台河,Qitaihe
牡丹江,Mudanjiang
黑河,Heihe
绥化,Suihua
大兴安岭,Daxinganling
上海,Shanghai
黄浦,Huangpu
卢湾,Luwan
徐汇,Xuhui
长宁,Changning
静安,Jing'an
普陀,Putuo
闸北,Zhabei
虹口,Hongkou
杨浦,Yangpu
闵行,Minhang
宝山,Baoshan
嘉定,Jiading
浦东新,Pudong New
金山,Jinshan
松江,Songjiang
南汇,Nanhui
奉贤,Fengxian
青浦,Qingpu
崇明,Chongming
江苏,Jiangsu Province
南京,Nanjing
无锡,Wuxi
徐州,Xuzhou
常州,Changzhou
苏州,Suzhou
南通,Nantong
连云港,Lianyungang
淮安,Huai'an
盐城,Yancheng
扬州,Yangzhou
镇江,Zhenjiang
泰州,Taizhou
宿迁,Suqian
浙江,Zhejiang
杭州,Hangzhou
宁波,Ningbo
温州,Wenzhou
嘉兴,Jiaxing
湖州,Huzhou
绍兴,Shaoxing
金华,Jinhua
衢州,Quzhou
舟山,Zhoushan
台州,Taizhou
丽水,Lishui
安徽,Anhui
合肥,Hefei
芜湖,Wuhu
蚌埠,Bengbu
淮南,Huainan
马鞍山,Ma On Shan
淮北,Huaibei
铜陵,Tongling
安庆,Anqing
黄山,Huangshan
滁州,Chuzhou
阜阳,Fuyang
宿州,Suzhou
巢湖,Chaohu
六安,Lu'an
亳州,Bozhou
池州,Chizhou
宣城,Xuancheng
福建,Fujian Province
福州,Fuzhou
厦门,Xiamen
莆田,Putian
三明,Sanming
泉州,Quanzhou
漳州,Zhangzhou
南平,Nanping
龙岩,Longyan
宁德,Ningde
江西,Jiangxi Province
南昌,Nanchang
景德镇,Jingdezhen
萍乡,Pingxiang
九江,Jiujiang
新余,Xinyu
鹰潭,Yingtan
赣州,Ganzhou
吉安,Ji'an
宜春,Yichun
抚州,Fuzhou
上饶,Shangrao
山东,Shandong
济南,Jinan
青岛,Qingdao
淄博,Zibo
枣庄,Zaozhuang
东营,Dongying
烟台,Yantai
潍坊,Weifang
济宁,Jining
泰安,Tai'an
威海,Weihai
日照,Sunshine
莱芜,Laiwu
临沂,Linyi
德州,Texas
聊城,Liaocheng
滨州,Binzhou
菏泽,Heze
河南,Henan
郑州,Zhengzhou
开封,Kaifeng
洛阳,Luoyang
平顶山,Pingdingshan
安阳,Anyang
鹤壁,Hebi
新乡,Xinxiang
焦作,Jiaozuo
濮阳,Puyang
许昌,Xuchang
漯河,Luohe
三门峡,Sanmenxia
南阳,Nanyang
商丘,Shangqiu
信阳,Xinyang
周口,Zhoukou
驻马店,Zhumadian
济源,Jiyuan
湖北,Hubei
武汉,Wuhan
黄石,Yellowstone
十堰,Shiyan
宜昌,Yichang
襄樊,Xiangfan
鄂州,Ezhou
荆门,Jingmen
孝感,Xiaogan
荆州,Jingzhou
黄冈,Huanggang
咸宁,Xianning
随州,Suizhou
恩施,Enshi
仙桃,Xiantao
潜江,Qianjiang
天门,Heavenly Gate
神农架,Shennongjia
湖南,Hunan
长沙,Changsha
株洲,Zhuzhou
湘潭,Xiangtan
衡阳,Hengyang
邵阳,Shaoyang
岳阳,Yueyang
常德,Changde
张家界,Zhangjiajie
益阳,Yiyang
郴州,Chenzhou
永州,Yongzhou
怀化,Huaihua
娄底,Loudi
湘西,Xiangxi
广东,Guangdong
广州,Canton
韶关,Shaoguan
深圳,Shenzhen
珠海,Zhuhai
汕头,Shantou
佛山,Foshan
江门,Jiangmen
湛江,Zhanjiang
茂名,Maoming
肇庆,Zhaoqing
惠州,Huizhou
梅州,Meizhou
汕尾,Shanwei
河源,Heyuan
阳江,Yangjiang
清远,Qingyuan
东莞,Dongguan
中山,Zhongshan
潮州,Chaozhou
揭阳,Jieyang
云浮,Yunfu
广西,Guangxi
南宁,Nanning
柳州,Liuzhou
桂林,Guilin
梧州,Wuzhou
北海,North Sea
防城港,Fangchenggang
钦州,Qinzhou
贵港,Guigang
玉林,Yulin
百色,Baise
贺州,Hezhou
河池,Hechi
来宾,Guest
崇左,Chongzuo
海南,Hainan
海口,Seaport
三亚,Sanya
五指山,Wuzhishan
琼海,Qionghai
儋州,Danzhou
文昌,Wenchang
万宁,Mannings
东方,East
定安,HONOUR
屯昌,Tunchang
澄迈,Chengmai
临高,Lingao
白沙,Baisha
昌江,Changjiang
乐东,Ledong
陵水,Lingshui
保亭,Baoting
琼中,Qiongzhong
西沙,Xisha
南沙,Nansha Islands
中沙,Sand
重庆,Chongqing
渝中,Yuzhong
大渡口,Large ferry
江北,Jiangbei
沙坪坝,Shapingba
九龙坡,Jiulongpo
南岸,South coast
北碚,Beibei
万盛,Wansheng
双桥,Shuangqiaoshan
渝北,Yubei
巴南,Banan
万州,Wanzhou
涪陵,Fuling
黔江,Qianjiang
长寿,Longevity
江津,Jiangjin
合川,Aikawa
永川,Yongchuan
南川,Nanchuan
綦江,Qijiang
潼南,Tongnan
铜梁,Tongliang
大足,Dazu
荣昌,Rongchang
璧山,Bishan
垫江,Dianjiang
武隆,Wulong
丰都,Fengdu
城口,The city population
梁平,Liangping
开县,Kaixian
巫溪,Wuxi
巫山,Wushan
奉节,Fengjie
云阳,Yunyang
忠县,Zhongxian
石柱,Pillars
彭水,Pengshui
酉阳,Youyang
秀山,Xiushan
四川,Sichuan Province
成都,Chengdu
自贡,Zigong
攀枝花,Panzhihua
泸州,Luzhou
德阳,Deyang
绵阳,Mianyang
广元,Guangyuan
遂宁,Suining
内江,Neijiang
乐山,Leshan
南充,Nanchong
眉山,Meishan
宜宾,Yibin
广安,Guang'an
达州,Florida
雅安,Ya'an
巴中,Pakistan and
资阳,Ziyang
阿坝,Aba
甘孜,Ganzi
凉山,Liangshan
贵州,Guizhou
贵阳,Guiyang
六盘水,Liupanshui
遵义,Zunyi
安顺,Anshun
铜仁,Tongren
黔西南,Southwest Guizhou
毕节,Bijie
黔东南,Southeast Guizhou
黔南,Qiannan
云南,Yunnan
昆明,Kunming
曲靖,Qujing
玉溪,Yuxi
保山,Baoshan
昭通,Zhaotong
丽江,Lijiang
普洱,Pu'er
临沧,Lincang
楚雄,Chuxiong
红河,Red River
文山,Wenshan
西双版纳,Xishuangbanna
大理,Dali
德宏,Dehong
怒江,Nujiang
迪庆,Diqing
西藏,Tibet
拉萨,Lhasa
昌都,Qamdo
山南,Shannan
日喀则,Shigatse
那曲,Nagqu
阿里,Ali
林芝,Nyingchi
陕西,Shaanxi
西安,Xi'an
铜川,Tongchuan
宝鸡,Baoji
咸阳,Xianyang
渭南,Weinan
延安,Yan'an
汉中,Hanzhong
榆林,Yulin
安康,Good health
商洛,Shangluo
甘肃,Gansu Province
兰州,Lanzhou
嘉峪关,Jiayuguan
金昌,Jinchang
白银,Silver
天水,Tianshui
武威,Wuwei
张掖,Zhangye
平凉,Pingliang
酒泉,Jiuquan
庆阳,Qingyang
定西,Dingxi
陇南,Longnan
临夏,Linxia
甘南,Gannan
青海,Qinghai
西宁,Xining
海东,Haidong
海北,Rambling
黄南,Huangnan
海南,Hainan
果洛,Golok
玉树,Yushu
海西,Hercynian
宁夏,Ningxia
银川,Yinchuan
石嘴山,Shizuishan
吴忠,Wuzhong
固原,Guyuan
中卫,Zhongwei
新疆,Xinjiang
乌鲁木齐,Urumqi
克拉玛依,Karamay
吐鲁番,Turpan
哈密,Hami
昌吉,Changji
博尔塔拉,Boertala
巴音郭楞,Bayinguoleng
阿克苏,Aksu
克孜勒苏,Kezilesu
喀什,Kashi
和田,Wada
伊犁,Ili
塔城,Tacheng
阿勒泰,Altay
石河子,Shihezi
阿拉尔,Alar
图木舒克,Tumushuke
五家渠,Wujiaqu
香港,Hong Kong
澳门,Macao
台湾,Taiwan
台北市,Taipei
高雄市,Kaohsiung
基隆市,Keelung
台中市,Taichung City
台南市,Tainan City
新竹市,Hsinchu City
嘉义市,Chiayi City
台北县,Taipei County
宜兰县,Yilan County
桃园县,Taoyuan County
新竹县,Hsinchu County
苗栗县,Miaoli County
台中县,Taichung County
彰化县,Changhua County
南投县,Nantou County
云林县,Yunlin County
嘉义县,Chiayi County
台南县,Tainan County
高雄县,Kaohsiung County
屏东县,Pingtung County
台东县,Taitung County
花莲县,Hualien County
澎湖县,Penghu County
德国,Germany
阿恩斯贝格,Arnsberg
爱尔福特,Erfurt
安斯巴格,Ansbach
奥格斯堡,Augsburg
柏林,Berlin
拜伊罗特,Bayreuth
比勒费尔德,Bielefeld
波茨坦,Potsdam
波鸿,Bochum
不来梅,Bremen
不伦瑞克,Brunswick
达姆施塔特,Darmstadt
代特莫尔特,Detmold
德累斯顿,Dresden
德绍,Dessau
杜塞尔多夫,Dusseldorf
法兰克福,Frankfurt
弗赖堡,Freiburg
哈雷,Harley
汉堡,Hamburger
汉诺威,Hanover
基尔,Kiel
吉森,Giessen
卡尔斯鲁厄,Karlsruhe
卡塞尔,Kassel
开姆尼斯,Chemnitz
科布伦次,Koblenz
科隆,Cologne
莱比锡,Leipzig
兰茨胡特,Landshut
吕讷堡,Lüneburg
马格德堡,Magdeburg
曼海姆,Mannheim
美因兹,Mainz
明斯特,Munster
慕尼黑,Munich
纽伦堡,Nuremberg
什未林,Schwerin
斯图加特,Stuttgart
特里尔,Trier
威斯巴登,Wiesbaden
维尔茨堡,Wurzburg
加拿大,Canada
阿伯茨福,Abbotsford
埃德蒙顿,Edmonton
奥沙瓦,Oshawa
巴里,Barry
布列塔尼角,Cape Breton
多伦多,Toronto
弗雷德里顿,Frederic Leighton
圭尔夫,Guelph
哈利法克斯,Halifax
哈密尔顿,Hamilton
怀特霍斯,Whitehorse
基劳纳,Ji Laona
基奇纳,Kitchener
金斯敦,Kingston
卡里加里,Cary Gary
魁北克,Quebec
里贾纳,Regina
伦敦,London
蒙特利尔,Montreal
萨德伯里,Sudbury
萨斯卡通,Saskatoon
三河城,Three Rivers
桑德贝,Thunder Bay
舍布鲁克,Sherbrooke
圣卡塔琳娜,Santa Catarina
圣约翰斯,St. John's
维多利亚,Victoria
温哥华,Vancouver
温尼伯,Winnipeg
温莎,Windsor
渥太华,Ottawa
夏洛特敦,Charlottetown
耶洛奈夫,Yellowknife
伊魁特,Iqaluit
澳大利亚,Australia
北部地区,Northern Territory
北帕默斯顿,Palmerston North
达尔文,Darwin
堪培拉,Canberra
堪培拉,Canberra
昆士兰,Queensland
布里斯班,Brisbane
黄金海岸,Gold Coast
凯恩斯,Cairns
日光海岸,Sun Coast
汤斯维尔,Townsville
图文巴,Toowoomba
南澳大利亚,South Australia
阿德莱德,Adelaide
奥古斯塔港,Port Augusta
甘比亚山,Gambia Hill
怀阿拉,Whyalla
林肯港,Port Lincoln
默里布里奇,Murray Bridgeport
皮里港,Port Pirie
维克托港,Victor Harbor
塔斯马尼亚,Tasmania
伯尼港,Bernie Kong
德文波特,Devonport
霍巴特,Hobart
朗塞斯顿,Launceston
维多利亚,Victoria
吉朗,Geelong
墨尔本,Melbourne
西澳大利亚,Western Australia
奥尔巴尼,Albany
班伯里,Banbury
弗里曼特尔港,Port of Fremantle
杰拉尔顿,Geraldton
卡尔古利,Kalgoorlie
曼哲拉,Mandurah
珀斯,Perth
新南威尔士,New South Wales
纽卡斯尔,Newcastle
伍伦贡,Wollongong
悉尼,Sydney
阿尔巴尼亚,Albania
爱尔巴桑,Elbasan
迪勃拉,Dibra
地拉那,Tirana
都拉斯,Durres
发罗拉,Vlora
费里,Ferry
吉诺卡斯特,Gjirokaster
科尔察,Korce
库克斯,Cooks
莱什,Leche
培拉特,Berat
斯库台,Shkoder
阿德拉尔,Adrar
阿尔及尔,Algiers
艾因德夫拉,Ain Dearbhla
艾因蒂姆尚特,The Al Ain Tim Shante
安纳巴,Annaba
奥兰,Orange
巴特纳,Batna
贝贾亚,Bejaia
贝沙尔,Bechar
贝伊德,El Bayadh
比斯克拉,Biskra
布尔吉布阿雷里吉,The Bourges Bouah Lei Liji
布利达,Blida
布迈德斯,Boumerdes
布依拉,Buyi pull
蒂巴扎,Tipaza
蒂斯姆西勒特,Tissemsilt
盖尔达耶,Ghardaia
盖尔马,Guelma
罕西拉,Khenchela
赫利赞,Relizane
吉杰尔,Jijel
杰勒法,Djelfa
君士坦丁,Constantine
拉格瓦特,Laghouat
马斯卡拉,Mascara
麦迪亚,Medea
密拉,Mylar
莫斯塔加纳姆,Mostaganem
姆西拉,M'Sila
纳阿马,Naama
塞蒂夫,Sétif
赛伊达,Saida
斯基克达,Skikda
苏克阿赫拉斯,Souk Ahras
塔里夫,Tarif
塔曼拉塞特,Tamanrasset
特贝萨,Tebessa
特莱姆森,Tlemcen
提济乌祖,Tizi Ouzou
提亚雷特,Tiaret
廷杜夫,Tindouf
瓦德,Wade
瓦尔格拉,Ouargla
乌姆布阿基,Oum el Achilles
西迪贝勒阿贝斯,Sidi Belle Abes
谢里夫,Sharif
伊利齐,Illizi
阿富汗,Afghanistan
赫拉特,Herat
喀布尔,Kabul
坎大哈,Kandahar
马扎里沙里夫,Mazar-i-Sharif
阿根廷,Argentina
巴拉那,Parana
别德马,Viedma
波萨达斯,Posadas
布兰卡港,Bahia Blanca
布宜诺斯艾利斯,Buenos Aires
福莫萨,Formosa
胡胡伊,Jujuy
卡塔马卡,Catamarca
科尔多瓦,Cordoba
科连特斯,Corrientes
克劳斯城,Klaus City
肯考迪娅,Concordia
拉里奥哈,La Rioja
拉普拉塔,La Plata
雷西斯滕匹亚,Resistencia Olympia
里奥加耶戈斯,Rio Gallegos
里奥夸尔托,Rio Cuarto
里瓦达维亚海军准将城,Comodoro Rivadavia
罗萨里奥,Rosario
罗森,Rosen
马德普拉塔,Mar del Plata
门多萨,Mendoza
内乌肯,Neuquen
萨尔塔,Salta
圣地亚哥德尔埃斯特罗,Santiago del Estero
圣菲,Santa Fe
圣胡安,San Juan
圣拉斐尔,San Rafael
圣路易斯,St. Louis
圣罗莎,Santa Rosa
圣米格尔德图库曼,San Miguel de Tucuman
圣尼古拉斯,St. Nicholas
特雷利乌,Trelew
乌斯怀亚,Ushuaia
阿拉伯联合酋长国,United Arab Emirates
阿布扎比,Abu Dhabi
艾因,Al Ain
迪拜,Dubai
沙迦,Sharjah
阿鲁巴,Aruba
阿曼,Oman
巴提奈地区,Al Batinah region
达希莱地区,Az Zahirah
东部地区,Eastern Region
马斯喀特省,Muscat Province
穆桑达姆省,Musandam
内地地区,Mainland China
中部地区,The central region
佐法尔省,Dhofar
阿塞拜疆,Azerbaijan
阿布歇隆,Absheron
哈奇马斯,Xacmaz
卡尔巴卡尔,Kalbacar
卡扎赫,Qazax
连科兰,Lenkoran
密尔卡拉巴赫,The Karabakh
穆甘萨连,The Mugan Sa even
纳戈尔诺卡拉巴赫,Nagorny Karabakh
纳希切万,Nakhichevan
普利亚拉克斯,Plymouth Yarra Alex
舍基,Shirky
苏姆盖特,Sumgait
锡尔万,Sill million
占贾,Ganja
阿森松岛,Ascension Island
埃及,Egypt
阿斯旺,Aswan
古尔代盖,Hurghada
开罗,Cairo
苏布拉开马,The Subu pull horse
亚历山大,Alexander
埃塞俄比亚,Ethiopia
阿法尔,Afar
阿姆哈拉,Amhara
奥罗米亚,Oromiya
宾香古尔,Bin Gumuz
德雷达瓦,Dire Dawa
甘贝拉各族,Gan Hizboch
哈勒里民族,Harari nation
南方各族,SNNP
索马里,Somalia
提格雷,Tigray
亚的斯亚贝巴,Addis Ababa
爱尔兰,Ireland
奥法利,Offaly
蒂珀雷里,Tipperary
都柏林,Dublin
多内加尔,Donegal
戈尔韦,Galway
基尔代尔,Kildare
基尔肯尼,Kilkenny
卡范,Cavan
卡洛,Carlo
凯里,Carey
科克,Cork
克莱尔,Clare
朗福德,Longford
劳斯,Rolls
崂斯,Laois Sri Lanka
利默里克,Limerick
利特里姆,Leitrim
罗斯康芒,Roscommon
梅奥,Mayo
米斯,Meath
莫内根,Monaghan
斯莱戈,Sligo
威克洛,Wicklow
韦克斯福德,Wexford
沃特福德,Waterford
西米斯,Westmeath
爱沙尼亚,Estonia
贝尔瓦,Belvoir
哈留,Harju
拉普拉,Rio de la
里亚内,Laane
帕尔努,P?rnu
萨雷,Sare
塔尔图,Tartu
瓦尔加,Varga
维良地,Victoria Liang to
维鲁,Viru
沃鲁,V?ru
希尤,Hiiumaa
耶尔韦,J?rve
耶盖瓦,Jogevamaa
依达维鲁,Ida Villu
安道尔,Andorra
安道尔城,Andorra la Vella
奥尔迪诺,Ordino
恩坎普,Encamp
卡尼略,Canillo
莱塞斯卡尔德恩戈尔达,Lacey Scarl Dehn Gerda
马萨纳,La Massana
圣胡利娅德洛里亚,St. Julia de Loria
安哥拉,Angola
北宽扎,Kwanza Norte
北隆达,Lunda Norte
本戈,Bengo
本格拉,Benguela
比耶,Bie
卡宾达,Cabinda
库内内,Kunene
宽多库邦戈,Cuando Cubango
罗安达,Luanda
马兰热,Malange
莫希科,Moxico
纳米贝,Namibe
南宽扎,Kwanza Sul
南隆达,Lunda Sul
万博,Weber
威拉,Huila
威热,Uige
扎伊尔,Zaire
安圭拉,Anguilla
安提瓜岛和巴布达,Antigua and Barbuda
奥地利,Austria
布尔根兰,Burgenland
蒂罗尔,Tirol
福拉尔贝格,Vorarlberg
克恩顿,Carinthia
萨尔茨堡,Salzburg
上奥地利,Upper Austria
施蒂利亚,Styria
维也纳,Vienna
下奥地利,Lower Austria
奥兰群岛,Aland Islands
巴巴多斯岛,Barbados
巴布亚新几内亚,Papua New Guinea
北部,Northern part
布干维尔,Bougainville
东部高地,Eastern Highlands
东塞皮克,East Sepik
东新不列颠,East New Britain
恩加,Laisenia
海湾,Bay
马当,Madang
马努斯,Manus
米尔恩湾,Milne Bay
莫尔兹比港,Port Moresby
莫罗贝,Morro Bay
南部高地,Southern Highlands
钦布,Chimbu
桑道恩,Sang Dawn
西部,West
西部高地,West Highland
西新不列颠,West New Britain
新爱尔兰,New Ireland
巴哈马,Bahamas
巴基斯坦,Pakistan
白沙瓦,Peshawar
费萨拉巴德,Faisalabad
故吉软瓦拉,"Therefore, Gujranwala"
海德拉巴,Hyderabad
卡拉奇,Karachi
拉合尔,Lahore
拉瓦尔品第,Rawalpindi
木尔坦,Multan
伊斯兰堡,Islamabad
巴拉圭,Paraguay
阿曼拜,Amambay
阿耶斯总统省,Presidente Hayes
巴拉瓜里,Paraguari
博克龙,Boqueron
瓜伊拉,Guaira
卡瓜苏,Caaguazú
卡嫩迪尤,Canindeyu
卡萨帕,Caazapa
康塞普西翁,Concepcion
科迪勒拉,Cordillera
米西奥内斯,Misiones
涅恩布库,Neembucu
上巴拉圭,Upper Paraguay
上巴拉那,Upper Parana
圣佩德罗,San Pedro
亚松森特别区,Asuncion Special Zone
伊塔普亚,Itapua
中央,Central
巴勒斯坦,Palestine
加沙地带,Gaza Strip
西岸,West Bank
巴林,Bahrain
北部,Northern part
哈德,Bernhard
哈马德,Hamad
里法,Riffa
麦纳麦,Manama
穆哈拉格,Muharraq
西部,West
伊萨城,Isa Town
中部,Central
巴拿马,Panama
巴西,Brazil
阿克里,Acre
阿拉戈斯,Alagoas
阿马帕,Amapá
巴拉那,Parana
巴西利亚,Brasilia
巴伊亚,Bahia
北里奥格兰德,Rio Grande do Norte
伯南布哥,Pernambuco
戈亚斯,Goias
朗多尼亚,Rondonia
里约热内卢,Rio de Janeiro
罗赖马,Roraima
马拉尼昂,Maranhao
马托格罗索,Mato Grosso
米纳斯吉拉斯,Minas Gerais
南里奥格兰德,Rio Grande do Sul
南马托格罗索,Mato Grosso do Sul
帕拉,Parra
帕拉伊巴,Paraiba
皮奥伊,Piaui
塞阿拉,Ceara
塞尔希培,Sergipe
圣埃斯皮里图,Espirito Santo
圣保罗,Sao Paulo
圣卡塔琳娜,Santa Catarina
托坎廷斯,Tocantins
亚马孙,Amazon
白俄罗斯,Belarus
布列斯特,Brest
戈梅利,Gomel
格罗德诺,Grodno
明斯克市,Minsk
莫吉廖夫,Mogilev
维捷布斯克,Vitebsk
百慕大,Bermuda
保加利亚,Bulgaria
布尔加斯,Burgas
卡斯科伏,Casco volts
鲁塞,Ruse
洛维奇,Pavlovic
蒙塔纳,Montana
普罗夫迪夫,Plovdiv
索非亚,Sofia
索非亚市,Sofia
瓦尔纳,Varna
北马里亚纳群岛,Northern Mariana Islands
贝宁,Benin
阿黎博里,Alibori
阿塔科拉,Atacora
滨海,Marina
波希康市,Bohicon
博尔古,Borgou
大西洋,Atlantic
高原,Plateau
库福,Kouffo
莫诺,Mono
丘陵,Hills
韦梅,Oum
峡谷,Canyon
祖,Ancestor
比利时,Belgium
埃诺,Hainaut
安特卫普,Antwerp
布拉班特瓦隆,Brabant Tewa Long
布鲁塞尔,Brussels
东佛兰德,East Flanders
佛兰芒布拉班特,Flemish Brabant
列日,Liege
林堡,Limburg
卢森堡,Luxembourg
那慕尔,Namur
西佛兰德,West Flanders
冰岛,Iceland
波多黎各,Puerto Rico
波兰,Poland
埃尔布隆格,Elblag
奥尔什丁,Olsztyn
奥斯特罗文卡,The Oster Rowan card
比得哥什,Bydgoszcz
比托姆,Bytom
比亚瓦波德拉斯卡,Bia?a Podlaska
比亚维斯托克,Bialystok
彼得库夫,Bidekufu
波莱,Polet
波兹南,Poznan
达布罗瓦戈尼察,Dabuluowagenicha
大波兰地区戈茹夫,Gorzow Wielkopolski
弗罗茨瓦夫,Wroclaw
弗沃茨瓦韦克,Wloclawek
格但斯克,Gdansk
格丁尼亚,Gdynia
格利维采,Gliwice
格鲁琼兹,Grudziadz
海乌姆,Chelm
华沙,Warsaw
霍茹夫,Chorzow
卡利什,Kalisz
卡托维兹,Katowice
凯尔采,Kielce
科宁,Corning
科沙林,Koszalin
克拉科夫,Krakow
克罗斯诺,Krosno
拉多姆,Radom
莱格尼察,Legnica
莱什诺,Leszno
卢布林,Lublin
鲁达,Ruda
绿山城,Zielona Gora
罗兹,Lodz
米什洛维采,Mish Loéve mining
皮瓦,Piva
普热梅希尔,Przemysl
普沃茨克,Plock
切哈努夫,Ciechanow
热舒夫,Rzeszow
什切青,Szczecin
斯凯尔涅维采,Skierniewice
斯武普斯克,Slupsk
苏瓦乌基,Suwalki
索波特,Sopot
索斯诺维茨,Sosnowiec
塔尔努夫,Tarnow
塔尔诺布热格,Tarnobrzeg
特切,Teqie
托伦,Torun
瓦乌布日赫,Walbrzych
沃姆扎,Lomza
希米亚诺维采,Siemianowice
希维诺乌伊希切,Swinoujscie
希维托赫洛维采,?wi?toch?owice mining
谢德尔采,Siedlce
谢拉兹,Sieradz
新松奇,Nowy Sacz
雅沃兹诺,Yawozinuo
耶莱尼亚古拉,Jelenia Gora
扎布热,Zabrze
扎莫希奇,Zamosc
波斯尼亚和黑塞哥维那,Bosnia and Herzegovina
波萨维纳,Posavina
波斯尼亚波德里涅,Bosnian Copiapo De Linie
多米斯拉夫格勒,Tomislavgrad
黑塞哥维那涅雷特瓦,Herzegovina Neretva
萨拉热窝,Sarajevo
图兹拉波德里涅,Tuzlanski Podrinjski 
乌纳萨纳,Wunasana
西波斯尼亚,Western Bosnia
西黑塞哥维那,West Herzegovina
泽尼察多博伊,Zenica DobojCanton
中波斯尼亚,Bosnia
玻利维亚,Bolivia
奥尔托,El Alto
奥鲁罗,Oruro
贝尼,Beni
波多西,Potosi
基拉科洛,Kira Colo
科恰班巴,Cochabamba
拉巴斯,La Paz
潘多,Pando
丘基萨卡,Chuquisaca
萨卡巴,Sakaba
圣克鲁斯,Santa Cruz
塔里哈,Tarija
伯利兹,Belize
伯利兹,Belize
橘园,Orangery
卡约,Cayo
科罗萨尔,Corozal
斯坦港,Stann
托莱多,Toledo
博茨瓦纳,Botswana
不丹,Bhutan
布基纳法索,Burkina Faso
巴雷,Barre
巴姆,Bam
巴瓦,Bawa
巴泽加,Bazega
波尼,Pawnee
布尔古,Boulgou
布尔基恩德,Boulkiemde
布古里巴,Bougouriba
冈祖尔古,Ganzourgou
古尔马,Gourma
济罗,Ziro
卡焦戈,Kadiogo
凯内杜古,Kenedougou
科蒙加里,Komondjari
科莫埃,Comoé
孔皮恩加,Kompienga
孔西,Hole West
库尔佩罗戈,Koulpélogo
库尔维奥戈,Kourweogo
库里滕加,Kouritenga
雷拉巴,Leraba
罗卢姆,Loroum
穆翁,Mouhoun
纳门滕加,Namentenga
纳乌里,Nahouri
纳亚拉,Nayala
尼亚尼亚,Nia
努姆比埃尔,Noumbiel
帕索雷,Passoré
塞诺,Seno
桑吉,Sanchi
桑马滕加,Sanmatenga
苏鲁,Sulu
苏姆,Axum
塔波阿,Tapoa
图伊,Tuohy
乌埃,Houet
乌布里滕加,Oubritenga
乌达兰,Oudalan
锡西里,Sissili
亚加,Acrylic
亚滕加,Yatenga
伊奥巴,Ioba
宗德韦奥戈,Zoundweogo
宗多马,Zondoma
布隆迪,Burundi
布班扎,Bubanza
布鲁里,Buruli
布琼布拉城市,Bujumbura City
布琼布拉乡村,Bujumbura Rural
恩戈齐,Ngozi
基龙多,Kirundo
基特加,Gitega
卡鲁济,Karuzi
卡扬扎,Kayanza
坎库佐,Cankuzo
鲁塔纳,Rutana
鲁伊吉,Ruyigi
马坎巴,Makamba
穆拉姆维亚,Muramvya
穆瓦洛,Mwaro
穆因加,Muyinga
锡比托凯,Cibitoke
布韦岛,Bouvet Island
朝鲜,Korea
海州,Haizhou
惠山,Huishan
江界,Kanggye
开城,Kaesong
罗先,Rason
南浦,Nampo
平壤,Pyongyang
清津,Chongjin
沙里院,Sariwon
咸兴,Hamhung
新义州,Sinuiju
元山,Wonsan
丹麦,Denmark
奥胡斯,Aarhus
北日德兰,North Jutland
博恩霍尔姆,Bornholm
菲特烈堡,Fort Fredrick
菲茵,Philippine Yin
哥本哈根,Copenhagen
里伯,Ribe
灵克宾,Ringkobing
罗斯基勒,Roskilde
南日德兰,Soenderjylland
斯多斯特姆,Storstroem
维堡,Viborg
维厄勒,Vejle
西希兰,Xixi Lan
东帝汶,East Timor
阿伊莱乌,Aileu
阿伊纳罗,Ainaro
埃尔梅拉,Ermera
安贝诺,Ambeno
包考,Baucau
博博纳罗,Bobonaro
帝力,Dili
科瓦利马,Cova
劳滕,Lautem
利基卡,Liquica
马纳图托,Manatuto
马努法伊,Manufahi
维克克,Viqueque
多哥,Togo
滨海区,Marina District
草原区,Grassland area
高原区,Plateau
卡拉区,Kara
中部区,Central District
多米尼加,Dominica
多米尼加共和国,Dominican Republic
俄罗斯,Russia
阿巴坎,Abakan
阿尔汉格尔斯克,Arkhangelsk
阿金斯科耶,Aginskoye
阿纳德尔,Anadyr
阿斯特拉罕,Astrakhan
埃利斯塔,Elista
奥廖尔,Orel
奥伦堡,Orenburg
巴尔瑙尔,Barnaul
奔萨,Penza
比罗比詹,Birobidzhan
彼得罗巴甫洛夫斯克,Petropavlovsk
彼得罗扎沃茨克,Petrozavodsk
彼尔姆,Perm
别尔哥罗德,Belgorod
伯力,Khabarovsk
布拉戈维申斯克,Blagoveshchensk
布良斯克,Bryansk
车里雅宾斯克,Chelyabinsk
赤塔,Chita
顿河畔罗斯托夫,Rostov-on-
鄂木斯克,Omsk
弗拉基米尔,Vladimir
弗拉季高加索,Vladikavkaz
伏尔加格勒,Volgograd
戈尔诺阿尔泰斯克,The Gorno Al Tai Sike
格罗兹尼,Grozny
海参崴,Vladivostok
汉特曼西斯克,Khanty-Mansiyskiy avtonomnyy
基洛夫,Kirov
加里宁格勒,Kaliningrad
喀山,Kazan
卡卢加,Kaluga
科斯特罗马,Kostroma
克拉斯诺达尔,Krasnodar
克拉斯诺亚尔斯克,Krasnoyarsk
克麦罗沃,Kemerovo
克孜勒,Kyzyl
库德姆卡尔,Kudymkar
库尔干,Kurgan
库尔斯克,Kursk
利佩茨克,Lipetsk
梁赞,Ryazan
马哈奇卡拉,Makhachkala
马加丹,Magadan
马加斯,Magas
迈科普,Maikop
摩尔曼斯克,Murmansk
莫斯科,Moscow
纳尔奇克,Nalchik
纳里扬马尔,Naryan-Mar
南萨哈林斯克,Yuzhno-Sakhalinsk
诺夫哥罗德,Novgorod
帕拉纳,Parana
普斯科夫,Pskov
切博克萨雷,Cheboksary
切尔克斯克,Cherkessk
秋明,Tyumen
萨拉托夫,Saratov
萨兰斯克,Saransk
萨列哈尔德,Salekhard
萨马拉,Samara
瑟克特夫卡尔,Syktyvkar
圣彼得堡,St. Petersburg
斯摩棱斯克,Smolensk
斯塔夫罗波尔,Stavropol
坦波夫,Tambov
特维尔,Tver
图拉,Tula
托木斯克,Tomsk
沃罗涅什,Voronezh
沃洛格达,Vologda
乌法,Ufa
乌兰乌德,Ulan-Ude
乌里扬诺夫斯克,Ulyanovsk
乌斯季奥尔登斯基,Ust Ordynskiy
下诺夫哥罗德,Nizhny Novgorod
新西伯利亚,Novosibirsk
雅库茨克,Yakutsk
雅罗斯拉夫尔,Yaroslavl
叶卡捷林堡,Ekaterinburg
伊尔库茨克,Irkutsk
伊热夫斯克,Izhevsk
伊万诺沃,Ivanovo
约什卡尔奥拉,Yoshkar-Ola
厄瓜多尔,Ecuador
阿苏艾,Azuay
埃尔奥罗,El Oro
埃斯梅拉尔达斯,Esmeraldas
玻利瓦尔,Bolivar
瓜亚斯,Guayas
加拉帕戈斯,Galapagos
卡尔奇,Calci
卡尼亚尔,Canar
科托帕希,Cotopaxi
洛哈,Loja
洛斯里奥斯,Los Rios
马纳比,Manabi
莫罗纳圣地亚哥,Morona Santiago
纳波奥雷利亚纳,Napo Orellana
帕斯塔萨,Pastaza
皮钦查,Pichincha
钦博拉索,Chimborazo
萨莫拉钦奇佩,Zamora Chinchipe
苏昆毕奥斯,Sucumbios
通古拉瓦,Tungurahua
因巴布拉,Imbabura
厄立特里亚,Eritrea
安塞巴,Anseba
北红海,Northern Red Sea
加什巴尔卡,Gash Barka
南部,Southern part
南红海,Southern Red Sea
中部,Central
法国,France
阿尔勒,Arles
阿雅克修,Ajaccio
艾克斯,Aix-en-
奥尔良,Orleans
巴黎,Paris
贝桑松,Besancon
第戎,Dijon
弗雷瑞斯,Frejus
卡昂,Caen
雷恩,Rennes
里昂,Lyon
里尔,Lille
利摩日,Limoges
鲁昂,Rouen
马赛,Marseille
梅斯,Metz
蒙彼利埃,Montpellier
南特,Nantes
尼斯,Nice
沙隆,Sharon
图卢兹,Toulouse
瓦朗斯,Valence
亚眠,Amiens
法罗群岛,Faroe Islands
法属波利尼西亚,French Polynesia
法属圭亚那,French Guiana
法属南部领地,French Southern Territories
梵蒂冈,Vatican
菲律宾,Philippines
达沃,Davao
卡卢坎,Caloocan
马尼拉,Manila
宿务,Cebu
斐济,Fiji
芬兰,Finland
埃斯波,Espoo
奥卢,Oulu
波里,Pori
博尔沃,Boer Wo
海门林纳,H?meenlinna
赫尔辛基,Helsinki
卡亚尼,Kajaani
科科拉,Kokkola
科特卡,Kotka
库奥皮奥,Kuopio
拉赫蒂,Lahti
拉彭兰塔,Lappeenranta
罗瓦涅米,Rovaniemi
玛丽港,Mariehamn
米凯利,Mikkeli
坦佩雷,Tampere
图尔库,Turku
瓦萨,Vaasa
万塔,Vantaa
约恩苏,Joensuu
佛得角,Cape Verde
保尔,Paul
波多诺伏,Porto-Novo
博阿维斯塔岛,Boavista Island
布拉瓦岛,Brava
大里贝拉,Ribeira Grande
福古岛,Fogo
马尤岛,Maio
莫斯特罗,Mosteiros
普拉亚,Playa
萨尔岛,Sal Island
圣安唐岛,Santo Antao
圣地亚哥岛,Santiago Island
圣多明戈,Santo Domingo
圣菲利普,St Philip
圣卡塔琳娜,Santa Catarina
圣克鲁斯,Santa Cruz
圣米戈尔,Calheta de Sao Miguel
圣尼古拉岛,St. Nicholas Island
圣维森特岛,S?o Vicente
塔拉法尔,Tal Afar
弗兰克群岛,Frank Islands
冈比亚,Gambia
刚果,Congo
刚果民主共和国,Democratic Republic of the Congo
哥伦比亚,Columbia
阿劳卡,Arauca
安提奥基亚,Antioquia
北桑坦德,Norte de Santander
波哥大首都区,Distrito Capital de Bogota
博利瓦尔,Bolivar
博亚卡,Boyaca
大西洋,Atlantic
瓜维亚雷,Guaviare
瓜希拉,Guajira
瓜伊尼亚,Guainia
金迪奥,Quindio
卡尔达斯,Caldas
卡克塔,Caquetá
卡萨纳雷,Casanare
考卡,Cauca
考卡山谷,Valle del Cauca
科尔多巴,Cordoba
昆迪纳马卡,Cundinamarca
利萨拉尔达,Risaralda
马格达雷那,Magdalena
梅塔,Mehta
纳里尼奥,Nari?o
普图马约,Putumayo
乔科,Choc
塞萨尔,Cesar
桑坦德,Santander
圣安德烈斯普罗维登西亚,San Andrés y Providencia
苏克雷,Sucre
托利马,Tolima
维查达,Vichada
沃佩斯,Uaupes
乌伊拉,Huila
亚马孙,Amazon
哥斯达黎加,Costa Rica
阿拉胡埃拉,Alajuela
埃雷迪亚,Heredia
瓜纳卡斯特,Guanacaste
卡塔戈,Cartago
利蒙,Limon
蓬塔雷纳斯,Puntarenas
圣何塞,San Jose
格恩西岛,Guernsey
格林纳达,Grenada
格陵兰,Greenland
古巴,Cuba
奥尔金,Holguin
比那尔德里奥,Pinar del Rio
比亚克拉拉,Villa Clara
格拉玛,Granma
关塔那摩,Guantanamo
哈瓦那,Havana
哈瓦那城,Havana City
卡马圭,Camaguey
拉斯图纳斯,Las Tunas
马坦萨斯,Matanzas
马亚里,Maia in
曼萨尼罗,Mansa Nile
青年岛特区,Isla de la Juventud SAR
圣地亚哥,San Diego
圣斯皮里图斯,Sancti Spiritus
西恩富戈斯,Cienfuegos
谢戈德阿维拉,Ciego de Avila
瓜德罗普,Guadeloupe
关岛,Guam
圭亚那,Guyana
埃塞奎博群岛西德梅拉拉,Essequibo Islands West Demerara
巴里马瓦伊尼,Barima Waini 
波默伦苏佩纳姆,Pomeroon-Supenaam
波塔罗锡帕鲁尼,Potaro-Siparuni
德梅拉拉马海卡,Demerara-Mahaica 
东伯比斯科兰太因,East Berbice-Corentyne
库尤尼马扎鲁尼,Cuyuni-Mazaruni
马海卡伯比斯,The mohair Kappa Biscay
上德梅拉拉伯比斯,Upper Demerara-Berbice
上塔库图上埃塞奎博,The Upper Takutu on the Essequibo
哈萨克斯坦,Kazakhstan
阿尔卡累克,Alcatel tired grams
阿克莫拉,Akmola
阿克苏,Aksu
阿克托别,Aktobe
阿拉木图,Alma-Ata
阿雷斯,Ares
阿斯塔纳市,Astana city
阿特劳,Atyrau
埃基巴斯图兹,Ekibastuz
巴尔喀什,Balkhash
巴甫洛达尔,Pavlodar
北哈萨克斯坦,North Kazakhstan
东哈萨克斯坦,East Kazakhstan
济良诺夫斯克,The economic good Ivanov Gdansk
江布尔,Jaunpur
杰兹卡兹甘,Dzhezkazgan
卡拉干达,Karaganda
卡拉扎尔,Kara Bazar
卡普恰盖,Kapchagay
科斯塔奈,Kostanai
克孜勒奥尔达,Qyzylorda
肯套,Ken sets
库尔恰托夫,Kurchatov
利萨科夫斯克,Lisa Krakow 2770
列宁诺戈尔斯克,Leninogorsk
鲁德内,Rood within
曼格斯套,Mangghystau
南哈萨克斯坦,South Kazakhstan
萨兰,Saran
塞梅伊,Semey
沙赫京斯克,Novoshakhtinsk
斯捷普诺戈尔斯克,Stepnogorsk
铁克利,Iron Cleveland
铁米尔套,Temirtau
突厥斯坦,Turkestan
西哈萨克斯坦,West Kazakhstan
扎纳奥津,Zhanaozen
海地,Haiti
韩国,Korea
大邱,Daegu
达城郡,Dalseong
大邱,Daegu
寿城区,Suseong
大田,Daejeon
釜山,Busan
光州,Gwangju
济州特别自治道,Jeju Special Self-Governing Province
江原道,Gangwon-do
春川市,Chuncheon
东海市,Donghae
高城郡,High Castle County
横城郡,Hoengseong County
洪川郡,Hongcheon
华川郡,Hwacheon
江陵市,Gangneung
旌善郡,Jeongsun County
麟蹄郡,Inje
宁越郡,Yeongwol County
平昌郡,Pyeongchang-gun
三陟市,Samcheok
束草市,Sokcho
太白市,Taebaek
铁原郡,Cheorwon
襄阳郡,Yangyang-gun
杨口郡,Yanggu County
原州市,Wonju
京畿道,Gyeonggi-do
安城市,Anjo
安山市,Ansan
抱川市,Pocheon
城南市,Seongnam
东豆川市,Dongducheon
富川市,Bucheon
高阳市,Goyang
光明市,City of Light
广州市,Guangzhou City
果川市,Gwacheon City
河南市,"City, Henan"
华城市,Chinese cities
加平郡,Gapyeong
金浦市,Gimpo City
九里市,Guri
军浦市,Gunpo
骊州郡,Yeoju
利川市,Icheon City
涟川郡,Yeoncheon
龙仁市,Yongin
南杨州市,Namyangju
平泽市,Pyeongtaek
坡州市,Paju
安养市,Anyang
始兴市,Siheung
水原市,Suwon
乌山市,Osan
扬平郡,Yang Heguri
杨州市,Yangju
仪旺市,Uiwang
议政府市,Uijeongbu
庆尚北道,Gyeongsangbuk
安东市,Andong
奉化郡,Fenghua County
高灵郡,Goryeong-gun
龟尾市,Gumi
金泉市,Golden Spring City
军威郡,The army gun
醴泉郡,Liquan County
浦项市,Pohang
漆谷郡,Chilgok
i松郡,Celadon Pine County
[道郡,Cheongdo County
庆山市,Gyeongsan
庆州市,Gyeongju
荣州市,Yeongju
州市,Yet have city
蔚珍郡,Uljin
闻庆市,Mungyeong
星州郡,Of Seongju
义城郡,Uiseong-gun
英阳郡,Ying Yang County
盈德郡,Yingde County
永川市,Yongchuan City
郁陵郡,Ulleung-gun
庆尚南道,Gyeongsangnam
昌宁郡,Changning County
昌原市,Changwon City
固城郡,Goseong
河东郡,Kato-gun
金海市,Gimhae
晋州市,Jinzhou City
居昌郡,Geochang County
巨济市,Geoje
梁山市,Yangsan
马山市,Masan
密阳市,Miryang
南海郡,Namhae-gun
山[郡,Shan Qing County
泗川市,Sacheon City
统营市,Tongyeong
川郡,Hapcheon
咸安郡,Haman County
咸阳郡,Xianyang County
宜宁郡,Uiryeong County
海市,Information mirage
全罗北道,Jeollabuk
长水郡,Long water gun
淳昌郡,Chun Chang County
扶安郡,Buan
高敞郡,Gochang
金堤市,Gimje
井邑市,Jeongeup City
茂朱郡,Muju-gun
南原市,Namwon
全州市,Jeonju
群山市,Gunsan
任实郡,Imsil County
完州郡,End gun
益山市,Iksan
安郡,Information Agu
全罗南道,South Jeolla Province
宝城郡,Boseong-gun
长城郡,Great Wall County
长兴郡,Changxing County
高兴郡,Goheung
谷城郡,Gucheng County
光阳市,Gwangyang City
海南郡,Hainan County
和顺郡,Hwasun
康津郡,Gangjin
丽水市,Lishui City
灵光郡,Emmanuel County
灵岩郡,Yeongam County
罗州市,Naju
木浦市,Mokpo
求礼郡,Gurye
顺天市,Suncheon City
潭阳郡,Tan Yang County
莞岛郡,Wando
务安郡,Muan
咸平郡,Xianping County
新安郡,New gun
珍岛郡,Jindogun
仁川,Incheon
首尔,Seoul
蔚山,Ulsan
忠清北道,Chungcheongbuk
报恩郡,Gratitude County
丹阳郡,Danyang County
堤川市,Jecheon
槐山郡,Goesan
[原郡,Qing County
[州市,Cheongju City
沃川郡,In Okcheon-County
阴城郡,Yin City County
永同郡,Yeongdong-gun
曾坪郡,Jeungpyeong County
川郡,"Information, Kamikawa-gun"
忠州市,Chungju
忠清南道,Chungcheongnam
保宁市,Boryeong
扶余郡,Buyeo-gun
公州市,Gongju
洪城郡,Hongseong
鸡龙市,Chicken Dragon City
锦山郡,Jinshan County
礼山郡,Yesan
论山市,Nonsan
青阳郡,Qingyang County
瑞山市,Seosan
舒川郡,Seocheon County
泰安郡,Taean
唐津郡,Dangjin
天安市,Cheonan
牙山市,Asan
燕岐郡,Yan Qi County
荷兰,Netherlands
阿尔梅勒,Almere
阿默斯福特,Amersfoort
阿姆斯特丹,Amsterdam
阿纳姆,Arnhem
阿珀尔多伦,Apeldoorn
阿森,Assen
埃德,Ed
埃门,Emmen
埃因霍芬,Eindhoven
布雷达,Breda
蒂尔堡,Tilburg
多德雷赫特,Dordrecht
恩斯赫德,Enschede
格罗宁根,Groningen
哈勒姆,Haarlem
海牙,The Hague
霍夫多尔普,Hoofddorp
莱顿,Leiden
莱利斯塔德,Lelystad
鹿特丹,Rotterdam
吕伐登,Leeuwarden
马斯特里赫特,Maastricht
米德尔堡,Middelburg
奈梅亨,Nijmegen
斯海尔托亨博思,'S-Hertogenbosch
乌得勒支,Utrecht
兹沃勒,Zwolle
佐特尔梅,Zoetermeer
荷属安地列斯,Netherlands Antilles
赫德和麦克唐纳群岛,Heard and McDonald Islands
洪都拉斯,Honduras
阿特兰蒂达,Atlantida
埃尔帕拉伊索,El Paraiso
奥科特佩克,Ocotepeque
奥兰乔,Olancho
弗朗西斯科莫拉桑,Francisco Morazan
格拉西亚斯阿迪奥斯,Gracias a dios
海湾群岛,Gulf Islands
科尔特斯,Cortes
科隆,Cologne
科马亚瓜,Comayagua
科潘,Copan
拉巴斯,La Paz
伦皮拉,Lempira
乔卢特卡,Choluteca
乔罗马,Qiao Luoma
山谷,Valley
圣巴巴拉,Santa Barbara
因蒂布卡,Intibuca
约罗,Yoro
基里巴斯,Kiribati
菲尼克斯群岛,Phoenix Islands
吉尔伯特群岛,Gilbert Islands
莱恩群岛,Line Islands
吉布提,Djibouti
阿里萨比赫区,Ali Sabieh area
奥博克区,Obock District
迪基勒区,Dikhil District
塔朱拉区,Tadjoura District
吉尔吉斯斯坦,Kirghizstan
奥什,Osh
巴特肯,Batken
比什凯克市,Bishkek City
楚河,Chu River
贾拉拉巴德,Jalalabad
卡拉巴尔塔,Kara Balta
卡拉库尔,Karakul
坎特,Alicante
科克扬加克,Cork Yang Gac
迈利赛,Maili season
纳伦,Naryn
苏卢克图,Sülüktü
塔拉斯,Taras
塔什库梅尔,Tash-K mür 
乌兹根,Uzgen
伊塞克湖,Issyk-Kul
几内亚,Guinea
博凯,Boke
恩泽雷科雷,Nzerekore
法拉纳,Faranah
金迪亚,Kindia
康康,Kankan
科纳克里,Conakry
拉贝,Rabe
玛木,Mamou
几内亚比绍,Guinea-Bissau
加纳,Ghana
阿散蒂,Ashanti
奥布阿西,Obuasi
北部,Northern part
布朗阿哈福,Brong-Ahafo
大阿克拉,Greater Accra
东部,East
上东部,On the east
上西部,Upper West Side
沃尔特,Walter
西部,West
中部,Central
加蓬,Gabon
奥果韦洛洛,Austrian fruit Weiluo Luo
奥果韦伊温多,The Austrian fruit Weil Windsor
滨海奥果韦,Ogooué-Maritime
恩古涅,Ngounie
河口,Estuary
尼扬加,Nyanga
上奥果韦,On Ogooue
沃勒恩特姆,Woleu-Ntem Province
中奥果韦,Ogooue
柬埔寨,Cambodia
奥多棉吉,Siem Reap
白马市,Whitehorse
柏威夏,Preah Vihear
拜林市,Pailin
班迭棉吉,Banteay Meanchey
磅清扬,Kampong Chhnang
磅士卑,Kampong Speu
磅同,Kampong Thom
磅湛,Kampong Cham
波罗勉,Prey Veng
茶胶,Takeo
柴桢,Svay Rieng
干丹,Kandal
戈公,Koh Kong
贡布,Kampot
金边市,Phnom Penh City
桔井,Kratie
腊塔纳基里,Ratanakiri
马德望,Battambang
蒙多基里,Mondulkiri
菩萨,Buddha
上丁,Stung Treng
西哈努克市,Sihanoukville
暹粒,Siem Reap
捷克共和国,Czech Republic
奥洛穆茨,Olomouc
比尔森,Plzen
布拉格直辖市,Prague municipality
赫拉德茨克拉洛韦,Hradec Kralove
卡罗维发利,Karlovy Vary
利贝雷克,Liberec
摩拉维亚西里西亚,Moravian Silesian
南摩拉维亚,South Moravia
帕尔杜比采,Pardubice
维索基纳,Vysocina
乌斯季,Ust
中捷克,Czech
兹林,Zlin
津巴布韦,Zimbabwe
北马塔贝莱兰,Matabeleland North
布拉瓦约,Bulawayo
东马绍纳兰,Mashonaland East
哈拉雷,Harare
马尼卡兰,Manicaland
马斯温戈,Masvingo
南马塔贝莱兰,Matabeleland
西马绍纳兰,Mashonaland West
中部,Central
中马绍纳兰,Mashonaland Central
喀麦隆,Cameroon
阿达马瓦,Adamawa
北部,Northern part
北端,The northern end of
滨海,Marina
东部,East
南部,Southern part
西北,Northwest
西部,West
西南,Southwest
中央,Central
卡塔尔,Qatar
北部,Northern part
多哈,Doha
古韦里耶,Al Ghuwariyah
豪尔,Hauer
杰里扬拜特奈,Jerry Yang Bai Tenai
赖扬,Rayyan
沃克拉,Al Wakrah
乌姆锡拉勒,Umm Salal
朱迈利耶,Al Jumaliyah
开曼群岛,Cayman Islands
科科斯群岛,Cocos Islands
科摩罗,Comoros
科特迪瓦,C?te d'Ivoire
阿涅比,Agnéby
巴芬,Baffin
邦达马河谷,Vallee du Bandama
登盖莱,Denguele
恩济科莫埃,Nzi Comoé
弗罗马格尔,Fromager
湖泊,Lake
马拉韦,Marahoué
南邦达马,Sud-Bandama
南科莫埃,Sud-Comoe
萨桑德拉,Sassandra
萨瓦纳,Savannah
山地,Mountain
沃罗杜古,Worodougou
下萨桑德拉,Bas-Sassandra
泻湖,Lagoon
赞赞,Zanzan
中卡瓦利,Cavalli
中科莫埃,Comoé
科威特,Kuwait
克罗地亚,Croatia
奥西耶克巴拉尼亚,Osje ko-Baranjska
别洛瓦尔比洛戈拉,Bjelovarsko-Bilogorska
滨海和山区,Coastal and mountainous areas
波热加斯拉沃尼亚,The hot wave Vegas Lavonia
布罗德波萨维纳,Brod Posavina
杜布罗夫斯克内雷特瓦,Dubroff Silk Neret Te Wa
卡尔洛瓦茨,Karlovac
科普里夫尼察克里热夫齐,The Koprivnica the Chake Li Jef Qi
克拉皮纳扎戈列,Cola Pina Zago Leo
利卡塞尼,Lika Senj
梅吉穆列,Medimurska
萨格勒布,Zagreb
萨格勒布市,City of Zagreb
斯普利特达尔马提亚,Split Thatta Dalmatian
瓦拉日丁,Varazdin
维罗维蒂察波德拉维纳,"Virovitica podravska,"
武科瓦尔斯里耶姆,The Vukovar Wales Liye Farm
希贝尼克克宁,ibensko-Kninska
锡萨克莫斯拉维纳,Sisa ko-Moslava ka
伊斯特拉,Istria
扎达尔,Zadar
肯尼亚,Kenya
埃尔格约马拉奎特,Elgeyo-Marakwet
巴林戈,Baringo
邦戈马,Bungoma
博美特,Hiromi special
布希亚,Baudrillard
恩布,Embraco
霍马湾,Homa Bay
基安布,Kiambu
基里菲,Jili Fei
基里尼亚加,Kirinyaga
基苏木,Kisumu
基图伊,Kitui
基西,Kisii
加里萨,Garissa
卡卡梅加,Kakamega
卡耶亚多,Kajiado
凯里乔,Kericho
夸勒,Kwale
拉木,Lamu
莱基皮亚,Laikipia
马查科斯,Machakos
马瓜尼,Makueni
马萨布布,Massa boob
曼德拉,Mandela
梅鲁,Meru
蒙巴萨,Mombasa
米戈利,Mi Geli
穆兰卡,Mu Lanka
内罗毕,Nairobi
纳库鲁,Nakuru
纳罗克,Narok
南迪,Nadi
尼蒂,Trinity
尼亚米拉,Virginia Mira
年达鲁阿,Nyandarua
涅里,Nyeri
桑布卢,Sang Bulu
塔纳河,Tana River
泰塔塔维塔,Taita-Taveta
特兰斯恩佐亚,The Transvaal Enzo Asia
图尔卡纳,Turkana
瓦吉尔,Wajir
瓦辛基苏,Waxinjisu
韦希加,Wei Xijia
西波克特,West Pokot
夏亚,Counterattack
伊希约洛,Isiolo
中央,Central
库克群岛,Cook Islands
拉脱维亚,Latvia
阿卢克斯内,Alūksne
爱兹克劳克雷,Aizkraukle
奥格雷,Ogre
巴尔维,Balvi
包斯卡,Bauska
采西斯,Cesis
多贝莱,Dobeles
古尔贝内,Gulbene
杰卡布皮尔斯,Jēkabpils
克拉斯拉瓦,Krāslava
库尔迪加,Kuldīga
雷泽克内,Rezekne
里加,Riga
利耶帕亚,Liepaja
林巴济,Limbazu
卢扎,Luza
马多纳,Madona
普雷利,Pu Leili
萨尔杜斯,Saldus
塔尔西,Talsi
陶格夫皮尔斯,Daugavpils
图库马,Gallery Ma
瓦尔加,Varga
瓦尔米耶拉,Valmiera
文茨皮尔斯,Ventspils
叶尔加瓦,Jelgava
莱索托,Lesotho
伯里亚,Berea
布塔布泰,Buta-Buthe
古廷,Quthing
加查斯内克,Qacha's Nek
莱里贝,Leribe
马费滕,Mafeteng
马塞卢,Maseru
莫哈莱斯胡克,Mohale's Hoek
莫霍特隆,Mokhotlong
塔巴采卡,Taba Tseka
老挝,Laos
阿速坡,Attapeu
波里坎赛,Bolikhamxai
博乔,Bokeo
川圹,Xieng Khouang
丰沙里,Phongsali
甘蒙,Khammouane
华潘,Hua Pan
琅勃拉邦,Luang Prabang
琅南塔,Luang Namtha
赛宋本行政特区,Xaisomboun Special Administrative Region
色贡,Sekong
沙拉湾,Saravanh
沙湾拿吉,Savannakhet
沙耶武里,Xaignabouli
万象,Vientiane
乌多姆赛,Oudomxay
占巴塞,Champasak
黎巴嫩,Lebanon
北部,Northern part
贝卡,Bekaa
贝鲁特,Beirut
黎巴嫩山,Mount Lebanon
奈拜提耶市,Nabatiyeh City
南部,Southern part
立陶宛,Lithuania
阿利图斯,Alytus
考纳斯,Kaunas
克莱佩达,Klaipeda
马里扬泊列,Mali Yang Park column
帕涅韦日斯,Panevezys
陶拉格,Taurag?
特尔希艾,Telsiai
维尔纽斯,Vilnius
乌田纳,Utena
希奥利艾,Siauliai
亚克曼,Yacktman
利比里亚,Liberia
巴波卢,Gbarpolu
邦,State
博波卢,Bobo Lu
博米,Bomi
大巴萨,Grand Bassa
大吉德,Grand Gedeh
大角山,Grand Cape Mount
大克鲁,Grand Kru
菲什敦,Fish Town
吉河,River Gee
里弗塞斯,River Cess
洛法,Lofa
马吉比,Margibi
马里兰,Maryland
蒙特塞拉多,Montserrado
宁巴,Nimba
锡诺,Sinoe
利比亚,Libya
列支敦士登,Liechtenstein
留尼旺岛,Reunion Island
卢森堡,Luxembourg
迪基希,Diekirch
格雷文马赫,Grevenmacher
卢森堡,Luxembourg
卢旺达,Rwanda
比温巴,Byumba
布塔雷,Butare
恩延扎,Ex extension bar
基本古,Kibungo
基布耶,Kibuye
基加利恩加利,Gary radical Lean
基加利市,Kigali City
吉孔戈罗,Gikongoro
吉塞尼,Gisenyi
吉塔拉马,Gitarama
卡布加,Kabuga
卢瓦马加纳,Rwamagana
鲁汉戈,Lu Hange
鲁亨盖里,Ruhengeri
尚古古,Cyangugu
乌姆塔拉,Umutara
罗马尼亚,Romania
阿尔巴尤利亚,Alba Iulia
阿拉德,Arad
奥拉迪亚,Oradea
巴克乌,Bacau
巴亚马雷,Baia Mare
比斯特里察,Bistrita
博托沙尼,Botosani
布加勒斯特,Bucharest
布拉索夫,Brasov
布勒伊拉,Braila
布泽乌,Buzau
德罗贝塔塞维林堡,Fort trabek Nastase in Willingen
德瓦,Deva
蒂米什瓦拉,Timisoara
福克沙尼,Focsani
加拉茨,Galati
久尔久,Giurgiu
康斯坦察,Constanta
克拉约瓦,Craiova
克勒拉希,Calarasi
克卢日纳波卡,Cluj-Napoca
勒姆尼库沃尔恰,Rimnicu Vilcea
雷希察,Resita
梅尔库里亚丘克,Miercurea-Ciuc
皮特什蒂,Pitesti
皮亚特拉尼亚姆茨,Piatra Neamt
普洛耶什蒂,Ploiesti
萨图马雷,Satu Mare
圣格奥尔基,Sfintu Gheorghe
斯拉蒂纳,Slatina
斯洛博齐亚,Slobodkin Zia
苏恰瓦,Suceava
特尔戈维什泰,Tirgoviste
特尔古穆列什,Tirgu Mures
特尔古日乌,Tirgu Jiu
图尔恰,Tulcea
瓦斯卢伊,Vaslui
锡比乌,Sibiu
雅西,Iasi
亚厉山德里亚,Alexandra Calabria
扎勒乌,Zalau
马达加斯加,Madagascar
安齐拉纳纳,Antsiranana
菲亚纳兰楚阿,Fianarantsoa
马哈赞加,Mahajanga
塔那那利佛,Antananarivo
图阿马西拉,Toamasina
图利亚拉,Toliara
马尔代夫,Maldives
阿杜,Adu
北阿里,North Ari
北蒂拉杜马蒂,North Haa Aliff
北马洛斯马杜卢,MaalhosmaduluUthuru(Raa)
北米拉杜马杜卢,MiladhunmaduluUthuru(Shaviyani) 
北尼兰杜,"North nilandu,"
北苏瓦迪瓦,"North Suva d'Ivoire,"
法迪福卢,Faadhippolhu
费利杜,Fei Lidu
福阿穆拉库,Blessed Mulaku
哈杜马蒂,Benhaddou Marty
科卢马杜卢,Kolhumadulu(Thaa) 
马累,Male
马累岛,Male Island
穆拉库,Mulaku
南阿里,South Ari
南蒂拉杜马蒂,Haa Dhaalu
南马洛斯马杜卢,MaalhosmaduluDhekunu（Baa）
南米拉杜马杜卢,MiladhunmaduluDhekunu（Noonu）
南尼兰杜,Nanni Landale
南苏瓦迪瓦,Gaafu Dhaalu
马耳他,Malta
马拉维,Malawi
北部区,Northern Region
南部区,Southern Region
中央区,Chuo
马来西亚,Malaysia
槟榔屿,Penang
北海,North Sea
槟城,Penang
大山脚,Mertajam
高渊,High Yuan
玻璃市,Perlis
加央,Kangar
丁加奴,Terengganu
甘马挽,Kemaman
瓜拉丁加奴,Kuala Terengganu
龙运,Long Win
马江,Ma
实兆,Real trillion
乌鲁,Ulu
勿述,Do not described
吉打,Kedah
巴东得腊,Patong was December
笨筒,Stupid tube
浮罗交怡,Langkawi
哥打士打,Kota Stokes
古邦巴素,Kubang Pasu
瓜拉姆达,Kuala Muda
华玲,Hua Ling
居林,Kulim
万拉Q鲁,Venlafaxine Tiong Bahru
吉兰丹,Kelantan
巴西富地,"Fortune, Brazil"
巴西马,Baxi Ma
丹那美拉,Tanah Merah
道北,Road North
登卓,Dendrite
哥打巴鲁,Kota Bharu
瓜拉吉赖,The melon Raj Lai
话望生,Gua Musang
马樟,Ma Zhang
日里,Day Village
吉隆坡,Kuala Lumpur
吉隆坡,Kuala Lumpur
马六甲,Malacca
马六甲市,Malacca City
亚罗牙也,Yarrow teeth
野新,Wild new
纳闽,Labuan
纳闽,Labuan
维多利亚,Victoria
彭亨,Pahang
百乐,Tupper
北根,Pekan
淡马鲁,Temerloh
而连突,Jerantut
关丹,Kuantan
金马仑高原,Cameron Highlands
劳勿,Do not labor
立卑,Lipis
马兰,Malan
文冬,Bentong
云冰,Cloud ice
霹雳,Thunderbolt
安顺,Anshun
丹绒马,Tanjung horse
和丰,Abundance
t土坎,Lumut
华都牙也,Waldo teeth
江沙,Kuala Kangsar
太平,Pacific
怡保,Ipoh
柔佛,Johor
笨珍,Pontian
丰盛港,Mersing
哥打丁宜,Kota Tinggi
居銮,Kluang
Q株巴辖,Batu Pahat
麻坡,Muar
昔加末,Segamat
新山,Johor Bahru
森美兰,Negeri Sembilan
波德申,Port Dickson
淡边,Tampin
芙蓉,Hibiscus
瓜拉庇劳,Kuala Pilah
林茂,Linmao
仁保,Niho
日叻务,Day Lak Service
沙巴,Sabah
吧巴,Papar
保佛,Beaufort
比鲁兰,Bilu Lan
必达士,Will Dashi
兵南邦,Penampang
丹南,Tenom
担布南,Tambunan
斗湖,Tawau
斗亚兰,Tuaran
哥打基纳巴鲁,Kota Kinabalu
哥打马鲁都,Kota Maroons are
根地咬,Keningau
古达,Kudat
古打毛律,Kota Belud
古纳,Guna
瓜拉班尤,Kuala Penyu
京那巴登岸,Beijing that Baden Coast
兰脑,Lan brain
拿笃,Lahad Datu
纳巴湾,Napa Bay
山打根,Sandakan
西比陶,West than Tao
仙本那,Semporna
沙捞越,Sarawak
古晋,Kuching
加帛,Kapit
林梦,Limbang
美里,Miri
民都鲁,Bintulu
木胶,Mukah
木中,Wood
三马拉汉,Mara Han
斯里阿曼,Sri Oman
泗里街,Si Lane
泗务,Sibu
雪兰莪,Selangor
八打灵,Petaling
鹅麦,Gombak
瓜拉冷岳,Guarana Langat
瓜拉雪兰莪,Kuala Selangor
沙白安南,Sabak Bernam
乌鲁冷岳,Ulu Langat
乌鲁雪兰莪,Ulu Selangor
雪邦,Sepang
马里,Mali
巴马科首都区,Bamako Capital Region
基达尔,Kidal
加奥,Gao
卡伊,Kayes
库利科罗,Koulikoro
莫普提,Mopti
塞古,Segou
通布图,Tombouctou
锡卡索,Sikasso
马其顿,Macedonia
马绍尔群岛,Marshall Islands
马提尼克,Martinique
马约特岛,Mayotte
曼岛,Isle of Man
毛里求斯,Mauritius
毛里塔尼亚,Mauritania
阿德拉尔,Adrar
阿萨巴,Asaba
卜拉克纳,Brakna
东胡德,East Hood
戈尔戈勒,Gorgol
吉迪马卡,Guidimaka
努瓦迪布湾,Nouadhibou Bay
努瓦克肖特特区,"Nouakchott, DC"
塔甘特,Tagant
特拉扎,Trarza
提里斯宰穆尔,Tiris Zemmour
西胡德,West Hood
因希里,Inchiri
美属萨摩亚,American Samoa
阿纳,Anaheim
阿图阿,Atua
艾加伊勒泰,Aiga-i-le-Tai
法塞莱莱阿加,Fa'asaleleaga
加盖福毛加,Gagaifomauga
加加埃毛加,Gaga'emauga
帕劳利,Palauli
萨图帕伊泰阿,Satupa'itea
萨瓦伊岛,Savaii
图阿马萨加,Tuamasaga
瓦奥福诺蒂,Va'a-o-Fonoti
韦西加诺,Vaisigano
乌波卢岛,Upolu Island
美属外岛,United States Minor Outlying Islands
蒙古,Mongolia
巴彦洪格尔,Bayanhongor
巴彦乌勒盖,Bayan-Uul cover
布尔干,Bulgan
达尔汗乌勒,Darkhan-Uul
东方,East
东戈壁,East Gobi
鄂尔浑,Orkhon
戈壁阿尔泰,Gobi-Altai
戈壁苏木贝尔,Gobi hematoxylin Bell
后杭爱,Hanggay
科布多,Khovd
肯特,Kent
库苏古尔,Hovsgol
南戈壁,SouthGobi
前杭爱,Ovorhangay
色楞格,Selenge
苏赫巴托尔,Sukhbaatar
乌布苏,Uvs
乌兰巴托市,Ulaanbaatar
扎布汗,Dzavhan
中戈壁,Dundgovi
中央,Central
蒙特塞拉特,Montserrat
孟加拉,Bengal
达卡,Dhaka
吉大港,Chittagong
库尔纳,Khulna
秘鲁,Peru
阿雷基帕,Arequipa
阿普里马克,Apurimac
阿亚库乔,Ayacucho
安卡什,Ancash
胡利亚卡,Juliaca
胡宁,Junin
卡哈马卡,Cajamarca
卡亚俄,Callao
库斯科,Cusco
拉利伯塔德,La Libertad
兰巴耶克,Lambayeque
利马,Lima
洛雷托,Loreto
马德雷德迪奥斯,Madre de Dios
莫克瓜,Moquegua
帕斯科,Pasco
皮乌拉,Piura
普诺,Puno
钦博特,Chimbote
钦查阿尔塔,Chincha Alta
圣马丁,St. Martin
苏拉纳,Su Lana
塔克纳,Tacna
通贝斯,Tumbes
瓦努科,Huanuco
万卡维利卡,Huancavelica
乌卡亚利,Ucayali
亚马孙,Amazon
伊卡,Ica
密克罗尼西亚,Micronesia
缅甸,Myanmar
勃固省,Bago
掸邦,Shan State
德林达依省,In Tenasserim Division
克伦邦,Kayin State
克钦邦,Kachin State
克耶邦,Kayah
马圭省,Magway
曼德勒省,Mandalay
孟邦,Mon State
钦邦,Chin State
若开邦,Rakhine State
实皆省,Sagaing
仰光省,Yangon
伊洛瓦底省,Ayeyarwady
摩尔多瓦,Moldova
摩洛哥,Morocco
丹吉尔,Tangier
得土安,Tetuan
非斯,Fez
卡萨布兰卡,Casablanca
拉巴特,Rabat
马拉喀什,Marrakech
梅克内斯,Meknes
乌季达,Oujda
西撒哈拉,Western Sahara
摩纳哥,Monaco
莫桑比克,Mozambique
墨西哥,Mexico
阿瓜斯卡连斯特,Aguascalientes Manchester
阿卡普尔科,Acapulco
埃莫西约,Hermosillo
埃佩切,Ai Peiqie
奥夫雷贡城,Ciudad Obregon
奥里萨巴,Orizaba
巴利城,Barre City
巴亚尔塔港,Puerto Vallarta
比利亚埃尔莫萨,Villahermosa
波萨里卡,Poza Rica
蒂华纳,Tijuana
杜兰戈,Durango
恩塞纳达,Ensenada
瓜达拉哈拉,Guadalajara
瓜纳华托,Guanajuato
哈拉帕,Jalapa
华雷斯,Ciudad Juarez
华雷斯港,Port Juarez
卡门,Carmen
科利马,Colima
克雷塔罗,Queretaro
库埃纳瓦卡,Cuernavaca
库利阿坎,Culiacán
夸察夸拉克斯,KwaZulu police boast Lachs
拉巴斯,La Paz
莱昂,Leon
雷诺萨,Reynosa
洛斯莫奇斯,Los Mochis
马萨特兰,Mazatlan
马塔莫罗斯,Matamoros
梅里达,Merida
蒙克洛瓦,Monclova
蒙特雷,Monterrey
莫雷利亚,Morelia
墨西哥城,Mexico City
墨西卡利,Mexicali
诺加莱斯,Nogales
帕丘卡,Pachuca
普埃布拉,Puebla
奇尔潘辛戈,Chilpancingo
奇瓦瓦,Chihuahua
切图马尔,Chetumal
萨尔蒂约,Saltillo
萨卡特卡斯,Zacatecas
塞拉亚,Zelaya
圣路易斯波托亚,San Luis Potosi
塔帕丘拉,Tapachula
坦皮科,Tampico
特拉斯卡拉,Tlaxcala
特皮克,Tepic
特瓦坎,Tehuacan
图斯特拉古铁雷斯,Tuxtla Gutierrez
托雷翁,Torreon
托卢卡,Toluca
瓦哈卡,Oaxaca
韦拉克鲁斯,Veracruz
维多利亚城,Ciudad Victoria
乌鲁阿潘,Uruapan
新拉雷多,Nuevo Laredo
伊拉普阿托,Irapuato
纳米比亚,Namibia
埃龙戈,Erongo
奥汉圭纳,Ohangwena
奥卡万戈,Okavango
奥马赫科,Omaheke
奥姆沙蒂,Omusati
奥乔宗蒂约巴,Otjozondjupa
奥沙纳,Oshana
奥希科托,Oshikoto
哈达普,Hardap
霍马斯,Khomas
卡拉斯,Callas
卡普里维,Caprivi
库内内,Kunene
南非,South Africa
阿平顿,Upington
艾利弗山,Mount Ayliff 
比勒陀利亚,Pretoria
比索,Peso
彼德马里茨堡,Pietermaritzburg
彼德斯堡,Petersburg
布雷达斯多普,Bredasdorp
布隆方丹,Bloemfontein
布隆克斯特斯普利特,Bloom Dexter Split
德阿尔,De
德班,Durban
邓迪,Dundee
东巴克利,Barkly East
东伦敦,East London
弗雷堡,Freiburg
弗里尼欣,Vereeniging
格罗布莱斯达尔,The Gro Bryce Dahl
基雅尼,Ji Yani
金伯利,Kimberley
开普敦,Capetown
克莱克斯多普,Klerksdorp
库鲁曼,Kuruman
昆士敦,Queenstown
莱迪史密斯,Ladysmith
兰德方丹,Randfontein
理查兹湾,Richards Bay
利斯滕堡,Rustenburg
米德尔堡,Middelburg
姆库泽,Mkuze
穆里斯堡,Jose Myers
内尔斯普雷特,Nelspruit
尼尔斯特隆,Modimolle
纽卡斯尔,Newcastle
乔治,George
萨索尔堡,Sasolburg
瑟孔达,Secunda
特克索波,Ixopo
特隆普斯堡,In Te Longpu Myers
跳羚,Springboks
图拉马哈谢,Tulamaha Xie
托霍延杜,Thohoyandou 
韦茨肖克,Weitz Xiao Ke
韦尔科姆,Welkom
乌伦迪,Ulundi
乌姆塔塔,Umtata
伍斯特,Worcester
西博福特,West Ford
谢普斯通港,Port Shepstone
伊丽莎白港,Port Elizabeth
约翰内斯堡,Johannesburg
南极洲,Antarctica
南乔治亚和南桑德威奇群岛,South Georgia and the South Sandwich Islands
瑙鲁,Nauru
尼泊尔,Nepal
巴格马蒂,Bagmati
道拉吉里,Dhaulagiri
甘达基,Gandaki
戈西,Kosi
格尔纳利,Karnali
贾纳克布尔,Janakpur
拉布蒂,Rapti
蓝毗尼,Lumbini
马哈卡利,Mahakali
梅吉,Meggie
纳拉亚尼,Narayani
佩里,Perry
萨加玛塔,Sagarmatha
塞蒂,Ossetia
尼加拉瓜,Nicaragua
埃斯特利,Esteli
北大西洋,North Atlantic
博阿科,Boaco
格拉纳达,Granada
卡拉索,Carazo
莱昂,Leon
里瓦斯,Rivas
马德里斯,Madriz
马那瓜,Managua
马萨亚,Masaya
马塔加尔帕,Matagalpa
南大西洋,South Atlantic
奇南德加,Chinandega
琼塔莱斯,Chontales
圣胡安河,San Juan River
希诺特加,Jinotega
新塞哥维亚,Nueva Segovia
尼日尔,Niger
阿加德兹,Agadez
迪法,Diffa
蒂拉贝里,Tillabéri
多索,Dosso
津德尔,Zinder
马拉迪,Maradi
尼亚美市,Niamey
塔瓦,Tahoua
尼日利亚,Nigeria
阿比亚,Abia
奥博莫绍,Ogbomosho
卡诺,Kano
拉各斯,Lagos
伊巴丹,Ibadan
纽埃,Niue
挪威,Norway
阿克什胡斯,Akershus
奥普兰,Oppland
奥斯陆市,Oslo City
北特伦德拉格,Nord-Trondelag
布斯克吕,Buskerud
东阿格德尔,Aust-Agder
东福尔,?stfold
芬马克,Finnmark
海德马克,Hedmark
霍达兰,Hordaland
罗加兰,Rogaland
默勒鲁姆斯达尔,Mre og Romsdal 
南特伦德拉格,Sor-Trondelag
诺尔兰,Nordland
松恩菲尤拉讷,Sogn og Fjordane
泰勒马克,Telemark
特罗姆斯,Troms
西阿格德尔,Vest-Agder
西福尔,Vestfold
诺福克,Norfolk
帕劳群岛,Palau
皮特凯恩,Pitcairn
葡萄牙,Portugal
滨海阿连特茹,Coastal Alentejo
滨海皮尼亚尔,Pinhal Litoral 
波尔图,Porto
杜罗,Douro
恩特拉杜罗伏日,Entre Douro e Vouga 
法鲁,Faro
丰沙尔,Funchal
卡瓦多,Kava
科瓦贝拉,Heikki Bella
里斯本,Lisbon
利巴特茹,Leziria do Tejo 
梅地奥特茹,Media Ott Ru
米尼奥利马,Minho-Lima
内贝拉北,Beira Interior Norte
内贝拉南,Neibeilanan
内皮尼亚尔北,inhal Interior Norte
内皮尼亚尔南,Pinhal Interior Sul
蓬塔德尔加达,Ponta Delgada
塞图巴尔半岛,Setubal Peninsula
山后,Mountain
上阿连特茹,On the Alentejo
上特拉斯山,Atlas mountains
塔梅加,Ta Meijia
万福,Hail
西部,West
下阿连特茹,Lower Alentejo
下伏日,Underlying Day
下蒙德古,The following Mond ancient
中阿连特茹,Alentejo
乔治亚,Georgia
日本,Japan
爱媛,Ehime
爱知,Aichi
北海道,Hokkaido
兵库,Hyogo
长崎,Nagasaki
长野,Nagano
冲绳,Okinawa
茨城,Ibaraki
大阪,Osaka
大分,Oita
岛根,Shimane
缘,Tokushima
东京,Tokyo
福岛,Fukushima
福冈,Fukuoka
福井,Fukui
富山,Toyama
冈山,Okayama
高知,Kochi
宫崎,Miyazaki
m城,Miyagi
广岛,Hiroshima
和歌山,Wakayama
京都,Kyoto
静冈,Shizuoka
枥木,Tochigi
鹿儿岛,Kagoshima
奈良,Nara
鸟取,Tottori
岐阜,Gifu
斡,Saitama
千叶,Chiba
青森,Aomori
秋田,Akita
群马,Gunma
三重,Triple
山口,Yamaguchi
山梨,Yamanashi
山形,Yamagata
神奈川,Kanagawa
石川,Ishikawa
香川,Kagawa
新,Niigata
熊本,Kumamoto
岩手,Iwate
滋贺,Shiga
佐贺,Saga
瑞典,Sweden
北博滕,Norrbotten
布莱金厄,Blekinge
达拉纳,Dalarna
东约特兰,?sterg?tland
厄勒布鲁,Orebro
哥得兰,Gotland
哈兰,Harlan
卡尔马,Kalmar
克鲁努贝里,Kronoberg
南曼兰,S?dermanland
斯德哥尔摩,Stockholm
斯科耐,Sk?ne
韦姆兰,V?rmland
乌普萨拉,Uppsala
西博滕,V?sterbotten
西曼兰,V?stmanland
西诺尔兰,V?sternorrland
西约特兰,V?sterg?tland
延雪平,Jonkoping
耶夫勒堡,Gavleborg
耶姆特兰,J?mtland
瑞士,Switzerland
阿尔高,Aargau
巴塞尔城市,Basel-Stadt
巴塞尔乡村,Basel-Country
伯尔尼,Bern
楚格,Zug
弗里堡,Fribourg
格拉鲁斯,Glarus
格劳宾登,Grisons
卢塞恩,Lucerne
洛桑,Lausanne
内阿彭策尔,Within Appenzell
纳沙泰尔,Neuchatel
日内瓦,Geneva
汝拉,Jura
沙夫豪森,Schaffhausen
上瓦尔登,Obwalden
圣加仑,St. Gallen
施维茨,Schwyz
苏黎世,Zurich
索洛图恩,Solothurn
提契诺,Ticino
图尔高,Thurgau
瓦莱,Valle
外阿彭策尔,Outside Appenzell
沃,Fertile
乌里,Uri
下瓦尔登,Nidwalden
萨尔瓦多,El Salvador
阿波帕,Abo Pa
阿瓦查潘,Ahuachapan
滨海,Marina
查拉特南戈,Chalatenango
德尔加多,Delgado
基埃恩特姆,Kie-Ntem
卡瓦尼亚斯,Cabanas
库斯卡特兰,Cuscatlan
拉巴斯,La Paz
拉利伯塔德,La Libertad
拉乌尼翁,La Union
梅基卡诺斯,Mejicanos
莫拉桑,Morazan
圣安娜,Santa Ana
圣米格尔,San Miguel
圣萨尔瓦多,San Salvador
圣维森特,San Vicente
松索纳特,Sonsonate
索亚潘戈,Soyapango
韦莱恩萨斯,Wele-Nzas
乌苏卢坦,Usulutan
伊洛潘戈,Ilopango
中南,South Africa
萨摩亚,Samoa
塞尔维亚黑山,Serbia Montenegro
贝尔格莱德,Belgrade
波德戈里察,Podgorica
克拉古涅瓦茨,Kragujevac
尼什,Nis
诺维萨德,Novi Sad
普里什蒂纳,Pristina
苏博蒂察,Subotica
泽蒙,Zemun
塞拉利昂,Sierra Leone
北部,Northern part
东部,East
南部,Southern part
西部区,Western District
塞内加尔,Senegal
达喀尔,Dakar
法蒂克,Fatick
济金绍尔,Ziguinchor
捷斯,Thies
久尔贝勒,Diourbel
考拉克,Kaolack
科尔达,Kolda
卢加,Luga
马塔姆,Matam
圣路易,St. Louis
坦巴昆达,Tambacounda
塞浦路斯,Cyprus
法马古斯塔,Famagusta
凯里尼亚,Kyrenia
拉纳卡,Larnaca
利马索尔,Limassol
尼科西亚,Nicosia
帕福斯,Paphos
塞舌尔,Seychelles
沙特阿拉伯,Saudi Arabia
阿尔阿尔,Arar
艾卜哈,Abha
巴哈,Bach
布赖代,Buraydah
达曼,Dammam
哈费尔巴廷,Hafr Al Batin
哈伊勒,Ha'il
海米斯穆谢特,Khamis Mushayt
海耶,Haye
胡富夫,Hofuf
吉达,Jeddah
吉赞,Jizan
利雅得,Riyadh
麦地那,Medina
麦加,Mecca
姆巴拉兹,Mba Raz
纳季兰,Najran
塞卡卡,Sai Kaka
塔布克,Tabuk
塔伊夫,Taif
延布,Yanbu
朱拜勒,Jubail
圣诞岛,Christmas Island
圣多美和普林西比,Sao Tome and Principe
圣赫勒拿,St. Helena
圣基茨和尼维斯,Saint Kitts and Nevis
圣卢西亚,Saint Lucia
圣马力诺,San Marino
圣皮埃尔和米克隆群岛,Saint Pierre and Miquelon Islands
圣文森特和格林纳丁斯,Saint Vincent and the Grenadines
斯里兰卡,Sri Lanka
阿努拉德普勒,Anuradhapura
安帕赖,Ampara
巴杜勒,Badulla
拜蒂克洛,Batticaloa
波隆纳鲁沃,Polonnaruwa
汉班托特,Hambantota
基里诺奇,Kilinochchi
加勒,Galle
加姆珀哈,Gampaha
贾夫纳,Jaffna
卡卢特勒,Kalutara
凯格勒,Kegalle
康提,Kandy
科伦坡,Colombo
库鲁内格勒,Kurunegala
拉特纳普勒,Ratnapura
马纳尔,Mannar
马特莱,Matale
马特勒,Matara
莫讷勒格勒,Monaragala
穆莱蒂武,Mullaitivu
努沃勒埃利耶,Nuwara Eliya
普塔勒姆,Puttalam
亭可马里,Trincomalee
瓦武尼亚,Vavuniya
斯洛伐克,Slovakia
班斯卡比斯特里察,Banska Bystrica
布拉迪斯拉发,Bratislava
科希策,Kosice
尼特拉,Nitra
普雷绍夫,Presov
日利纳,Zilina
特尔纳瓦,Trnava
特伦钦,Trencin
斯洛文尼亚,Slovenia
奥巴尔诺克拉,Obalno carat
奥斯雷德涅斯洛文,Osrednjeslovenska
波德拉夫,Podravska
波穆尔,Pomurska
多雷尼,Reni
戈雷尼,Gorenjska
戈里,Gori
科洛,Colo
诺特拉尼,Knott Rani
萨维尼,Savigny
斯波德涅波萨夫,Spodnjeposavska
扎萨夫,Zasavska
斯瓦尔巴和扬马廷,Svalbard and Jan Mayen
斯威士兰,Swaziland
苏丹,Sudan
北部,Northern part
赤道,Equatorial
达尔富尔,Darfur
东部,East
加扎勒河,Bahr el Ghazal
喀土穆,Khartoum
科尔多凡,Kordofan
上尼罗,Upper Nile
中部,Central
苏里南,Surinam
布罗科蓬多,Brokopondo
科罗尼,Koroni
科默韦讷,Commewijne
马罗韦讷,Marowijne
尼克里,Nickerie
帕拉,Parra
帕拉马里博,Paramaribo
萨拉马卡,Saramacca
瓦尼卡,Wanica
西帕里韦尼,Sipaliwini
所罗门群岛,Solomon Islands
瓜达尔卡纳尔,Guadalcanal
霍尼亚拉,Honiara
拉纳尔和贝罗纳,Rennell and Bellona
马基拉,Makira
马莱塔,Malaita
乔伊索,Choiseul
泰莫图,Temotu
西部,West
伊萨贝尔,Isabel
中部群岛,Central Islands
索马里,Somalia
塔吉克斯坦,Tadjikistan
杜尚别,Dushanbe
霍罗格,Khorog
卡尼巴达姆,Kanibadam
科法尔尼洪,Kofarnihon 
苦盏,Khujand
库尔干秋别,Kurgan
库洛布,Ku Luobu
洛贡,Logone
努雷克,Nu Leike
彭吉肯特,Pentti Gio Kent
萨班特,Sarbanes-special
塔博沙尔,Thabo Funchal
图尔孙扎德,Tursunzade
乌拉秋别,Ulla tyube
伊斯法拉,Islamic Farah
泰国,Thailand
安纳乍能,Amnat Charoen
巴蜀,Prachuap Khiri Khan
巴吞他尼,Pathum Thani
巴真,Prachin
北碧,Kanchanaburi
北标,Saraburi
北大年,Pattani
北揽,Samut Prakan
北榄坡,Nakhon Sawan
北柳,Chachoengsao
碧差汶,Phetchabun
博达伦,Phatthalung
猜那,Guess that
猜也奔,Chaiyaphum
程逸,Uttaradit
春蓬,Chumphon
春武里,Chonburi
达,Reach
达叻,Trat
大城,Ayutthaya
董里,Trang
佛丕,Phetchaburi
佛统,Nakhon Pathom
甘烹碧,Kamphaeng Phet
红统,Ang Thong
华富里,Lop Buri
加拉信,Kalasin
甲米,Krabi
尖竹汶,Chanthaburi
孔敬,Khon Kaen
拉农,Ranong
廊开,Nong Khai
廊莫那浦,Nong Bua Lam Phu
叻丕,Ratchaburi
黎,Li
黎逸,Roi Et
龙仔厝,Samut Sakhon
罗勇,Rayong
洛坤,Nakhon Si Thammarat
玛哈沙拉堪,Maha Sarakham
曼谷,Bangkok
莫达汉,Mukdahan
那空那育,Nakhon Nayok
那空帕农,Nakhon Phanom
南奔,Lamphun
难,Difficult
暖武里,Nonthaburi
帕,Handkerchief
帕尧,Phayao
攀牙,Phang Nga
彭世洛,Phitsanulok
披集,Phichit
普吉,Phuket
清莱,Chiang Rai
清迈,Chiang Mai
色军,Color army
沙敦,Satun
沙缴,Sa Kaeo
四色菊,Si Sa Ket
宋卡,Songkhla
素可泰,Sukhothai
素叻,Surat
素林,Surin
素攀武里,Suphanburi
陶公,Narathiwat
乌隆,Udon Thani
乌泰他尼,Uthai Thani
乌汶,Ubon Ratchathani
武里南,Buri Ram
信武里,Sing Buri
耶梭通,Yasothon
也拉,Yala
夜丰颂,Mae Hong Son
夜功,Samut
坦桑尼亚,Tanzania
阿鲁沙,Arusha
奔巴北,Pemba North
奔巴南,Ben Banan
滨海,Marina
达累斯萨拉姆,Dar es Salaam
多多马,Dodoma
基戈马,Kigoma
卡盖拉,Kagera
林迪,Lindy
鲁夸,Rukwa
鲁伍马,Ruvuma
马腊,Mara
曼亚拉,Manyara
莫洛戈罗,Morogoro
姆贝亚,Mbeya
姆特瓦拉,Mtwara
姆万扎,Mwanza
乞力马扎罗,Kilimanjaro
桑给巴尔,Zanzibar
桑给巴尔北,Zanzibar North
桑给巴尔南,Zanzibar South
桑给巴尔市和西,Zanzibar City and West
塔波拉,Tabora
坦噶,Tanga
辛吉达,Singida
欣延加,Shinyanga
伊林加,Iringa
汤加,Tonga
埃瓦,Ewa
哈派,Ha'apai
纽阿斯,Niuas
汤加塔布,Tongatapu
瓦瓦乌,Vava'u
特克斯和凯克特斯群岛,Turks and Keck Benitez Islands
特里斯坦达昆哈,Tristan da khuon ha
特立尼达和多巴哥,Trinidad and Tobago
突尼斯,Tunisia
艾尔亚奈,Ariana
巴杰,Badger
本阿鲁斯,Ben Arous
比塞大,Bizerte
吉比利,Kebili
加贝斯,Gabes
加夫萨,Gafsa
坚杜拜,Jendouba
卡夫,Kraft
卡塞林,Kasserine
凯鲁万,Kairouan
马赫迪耶,Mahdia
马努巴,Manouba
梅德宁,Medenine
莫纳斯提尔,Monastir
纳布勒,Nabeul
斯法克斯,Sfax
苏塞,Sousse
泰塔温,Tataouine
突尼斯,Tunisia
托泽尔,Tozeur
西迪布济德,Sidi Bouzid
锡勒亚奈,Siliana
宰格万,Zaghouan
图瓦卢,Tuvalu
土耳其,Turkey
阿达纳,Adana
阿德亚曼,Adiyaman
阿尔达罕,Ardahan
阿尔特温,Artvin
阿菲永,Afyon
阿克萨赖,Aksaray
阿勒,Aare
阿马西亚,Amasya
埃迪尔内,Edirne
埃尔津詹,Erzincan
埃尔祖鲁姆,Erzurum
埃拉泽,Elazig
埃斯基谢希尔,Eskisehir
艾登,Aydin
安卡拉,Ankara
安塔利亚,Antalya
奥尔杜,Ordu
巴尔腾,Bartin
巴勒克埃西尔,Balikesir
巴特曼,Batman
巴伊布尔特,Bayburt
比莱吉克,Bilecik
比特利斯,Bitlis
宾格尔,Bingol
博卢,Bolu
布尔杜尔,Burdur
布尔萨,Bursa
昌克勒,?ank?r?
代尼兹利,Denizli
迪亚巴克尔,Diyarbakir
凡,Every
哈卡里,Hakkari
哈塔伊,Hatay
基利斯,Kilis
吉雷松,Giresun
加济安泰普,Gaziantep
居米什哈内,Gumushane
卡尔斯,Kars
卡赫拉曼马拉什,Kahramanmaras
卡拉比克,Karabuk
卡拉曼,Karaman
卡斯塔莫努,Kastamonu
开塞利,Kayseri
柯克拉雷利,K?rklareli
科贾埃利,Kocaeli
科尼亚,Konya
克尔谢希尔,Kirsehir
克勒克卡莱,Kirikkale
拉飞,Pull the fly
里泽,Rize
马尔丁,Mardin
马拉蒂亚,Malatya
马尼萨,Manisa
穆拉,Mora
穆什,Mus
内夫谢希尔,Nevsehir
尼代,Nigde
恰纳卡莱,Canakkale
乔鲁姆,Corum
屈塔希亚,Kutahya
萨卡里亚,Sakarya
萨姆松,Samsun
泰基尔达,Tekirdag
特拉布宗,Trabzon
通杰利,Tunceli
托卡特,Tokat
乌萨克,U?ak
锡尔纳克,??rnak
锡尔特,Siirt
锡诺普,Sinop
锡瓦斯,Sivas
伊迪尔,Idil
伊切尔,Icel
伊斯帕尔塔,Isparta
伊斯坦布尔,Istanbul
伊兹密尔,Izmir
约兹加特,Yozgat
宗古尔达克,Zonguldak
土库曼斯坦,Turkmenistan
阿哈尔,Akhal
阿什哈巴德市,Ashgabat
巴尔坎,Balkan
达沙古兹,Dasoguz
列巴普,Lebap
马雷,Mare
涅比特达格,Nebitdag
托克劳,Tokelau
瓦利斯和福图纳,Wallis and Futuna
瓦努阿图,Vanuatu
马朗帕,Malampa
彭纳马,Penama
桑马,Sangma
塔菲阿,Tafea
托尔巴,Tolba
谢法,Shefa
危地马拉,Guatemala
埃尔普罗格雷索,El Progreso
埃斯昆特拉,Escuintla
哈拉帕,Jalapa
胡蒂亚帕,Jutiapa
基切,Quiche
克萨尔特南戈,Quetzaltenango
雷塔卢莱乌,Retalhuleu
米克斯科,Mixco
佩滕,Peten
奇基穆拉,Chiquimula
奇马尔特南戈,Chimaltenango
萨卡帕,Zacapa
萨卡特佩克斯,Sacatepequez
上韦拉帕斯,Alta Verapaz
圣罗莎,Santa Rosa
圣马科斯,San Marcos
苏奇特佩克斯,Suchitepequez
索洛拉,Solola
托托尼卡潘,Totonicapan
危地马拉,Guatemala
韦韦特南戈,Huehuetenango
下韦拉帕斯,Baja Verapaz
新城,Metro
伊萨瓦尔,Izabal
维尔京群岛美属,Virgin Islands U.S.
维尔京群岛英属,Virgin Islands British
委内瑞拉,Venezuela
阿拉瓜,Aragua
阿马库罗三角洲,Delta Amacuro
阿普雷,Apure
安索阿特吉,Anzoategui
巴里纳斯,Barinas
波图格萨,Portuguesa
玻利瓦尔,Bolivar
法尔孔,Falcón
瓜里科,Guarico
加拉加斯,Caracas
卡拉沃沃,Carabobo
科赫德斯,Cojedes
拉腊,Lara
联邦属地,Union territories
梅里达,Merida
米兰达,Miranda
莫纳加斯,Monagas
苏克雷,Sucre
苏利亚,Zulia
塔奇拉,Tukwila
特鲁希略,Trujillo
新埃斯帕塔,Nueva Esparta
亚拉奎,Yaracuy
亚马孙,Amazon
文莱,Brunei
乌干达,Uganda
阿鲁阿,Arua
阿帕克,Apac
阿朱马尼,Adjumani
本迪布焦,Bundibugyo
布吉里,Bugiri
布西亚,Busia
布谢尼,Bushenyi
恩通加莫,Ntungamo
古卢,Gulu
霍伊马,Hoima
基巴莱,Kibale
基博加,Kiboga
基恩乔乔,Kyenjojo
基索罗,Kisoro
基特古姆,Kitgum
金贾,Jinja
卡巴莱,Cabaret
卡巴罗莱,Kabarole
卡贝拉马伊多,Kaberamaido
卡兰加拉,Kalangala
卡姆文盖,Kamwenge
卡穆利,Kamuli
卡农古,Kanungu
卡普乔鲁瓦,Kapchorwa
卡塞塞,Cassese
卡塔奎,Katakwi
卡永加,Kayunga
坎帕拉,Kampala
科蒂多,Kotido
库米,Kumi
拉卡伊,Rakai
利拉,Delilah
卢韦罗,Luwero
鲁昆吉里,Rukungiri
马萨卡,Masaka
马辛迪,Masindi
马尤盖,Mayuge
莫罗托,Moroto
莫约,Moyo
姆巴拉拉,Mbarara
姆巴莱,Mbale
姆皮吉,Mpigi
穆本德,Mubende
穆科诺,Mukono
内比,Nebbi
纳卡皮里皮里特,Nakapiripirit
纳卡松戈拉,Nakasongola
帕德尔,Pader
帕利萨,Pallisa
森巴布莱,Sembabule
索罗提,Soroti
托罗罗,Tororo
瓦基索,Wakiso
锡龙科,Sironko
伊甘加,Iganga
永贝,Yumbe
乌克兰,Ukraine
敖德萨,Odessa
波尔塔瓦,Poltava
第聂伯罗波得罗夫斯克,Dnepr North East
顿涅茨克,Donetsk
哈尔科夫,Kharkov
赫尔松州,Kherson Oblast
赫梅利尼茨基,Khmelnitsky
基辅,Kiev
基洛夫格勒,Kirovohrad
捷尔诺波尔,Ternopil
克里米亚自治共和国,Autonomous Republic of Crimea
利沃夫,Lviv
卢甘斯克,Luhansk
罗夫诺,Rivne
尼古拉耶夫,Nikolaev
切尔卡瑟,Cherkasy
切尔尼戈夫,Chernihiv
切尔诺夫策,Chernivtsi
日托米尔,Zhytomyr
苏梅,Koh
外喀尔巴阡,Zakarpattia
文尼察,Vinnitsa
沃伦,Warren
伊万弗兰科夫州,Ivan Ivano-Frankivsk State
扎波罗热,Zaporozhye
乌拉圭,Uruguay
阿蒂加斯,Artigas
杜拉斯诺,Durazno
佛罗里达,Florida
弗洛雷斯,Flores
卡内洛内斯,Canelones
科洛尼亚,Colonia
拉瓦耶哈,Lavalleja
里韦拉,Rivera
罗恰,Rocha
马尔多纳多,Maldonado
蒙得维的亚,Montevideo
内格罗河,Río Negro
派桑杜,Paysandu
萨尔托,Salto
塞罗拉尔戈,Cerro Largo
三十三人,Thirty-three
圣何塞,San Jose
索里亚诺,Soriano
塔夸伦博,Tacuarembo
乌兹别克斯坦,Uzbekistan
安集延,Andijan
布哈拉,Bukhara
费尔干纳,Fergana
花拉子模,Khorezm
吉扎克,Jizzax
卡拉卡尔帕克斯坦共和国,Republic of Karakalpakstan
卡什卡达里亚,Kashkadarya
纳曼干,Namangan
纳沃伊,Navoi
撒马尔罕,Samarkand
苏尔汉河,Surkhandarya
塔什干,Tashkent
塔什干市,Tashkent City
锡尔河,Syr Darya
西班牙,Spain
阿尔梅里亚,Almeria
阿尔瓦塞特,Albacete
阿拉瓦,Alava
阿利坎特,Alicante
阿斯图利亚斯,Asturias
阿维拉,Avila
奥伦塞,Ourense
巴达霍斯,Badajoz
巴利阿里,Balearic
巴利亚多利德,Valladolid
巴伦西亚,Valencia
巴塞罗那,Barcelona
比斯开,Biscay
布尔戈斯,Burgos
格拉纳达,Granada
瓜达拉哈拉,Guadalajara
哈恩,Hahn
赫罗纳,Girona
吉普斯夸,Guipuzcoa
加的斯,Cadiz
卡塞雷斯,Caceres
卡斯蒂利亚,Castilla
卡斯特利翁,Castellon
科尔多瓦,Cordoba
昆卡,Cuenca
拉科鲁尼亚,La Coruna
拉里奥哈,La Rioja
拉斯帕尔马斯,Las Palmas
莱昂,Leon
莱里达,Lleida
卢戈,Lugo
马德里,Madrid
马拉加,Malaga
穆尔西亚,Murcia
纳瓦拉,Navarra
帕伦西亚,Palencia
蓬特韦德拉,Pontevedra
萨拉戈萨,Zaragoza
萨拉曼卡,Salamanca
萨莫拉,Zamora
塞哥维亚,Segovia
塞维利亚,Seville
桑坦德,Santander
圣克鲁斯德特内里费,Santa Cruz de Tenerife
索里亚,Soria
塔拉戈纳,Tarragona
特鲁埃尔,Teruel
托莱多,Toledo
韦尔瓦,Huelva
韦斯卡,Huesca
希腊,Greece
比雷埃夫斯,Piraeus
多德卡尼斯,Dodecanese
干尼亚,Chania
基克拉迪,Cycladic
拉西锡,Lasithi
莱斯博斯,Lesbos
雷西姆农,Rethymnon
萨摩斯,Samos
雅典,Athens
伊拉克里翁,Heraklion
新加坡,Singapore
新喀里多尼亚,New Caledonia
新西兰,New Zealand
奥克兰,Auckland
北岸,North Shore
北帕默斯顿,Palmerston North
北远,Far North
布莱尼姆,Blenheim
达尼丁,Dunedin
格雷茅斯,Greymouth
哈密尔顿,Hamilton
黑斯廷斯,Hastings
怀塔科拉,Huaitakela
吉斯伯恩,Gisborne
凯帕拉,Kaipara
克赖斯特彻奇,Christchurch
里士满,Richmond
马努考,Manukau
内皮尔,Napier
纳尔逊,Nelson
斯特拉特福德,Stratford
陶马鲁努伊,Taumarunui
瓦卡塔尼,Whakatane
旺阿雷,Whangarei
旺格努伊,Wanganui
新普利茅斯,New Plymouth
因弗卡吉尔,Invercargill
匈牙利,Hungary
巴兰尼亚,Baranja
巴奇基什孔,Buchan Kiskun
包尔绍德奥包乌伊曾普伦,The package Ershaodeao Abauj Zemplén
贝凯什,Békés
布达佩斯,Budapest
费耶尔,Fejér
豪伊杜比豪尔,Hajdu Bihar
赫维什,Heves
加兹纳杰孔索尔诺克,Ghazi Nagykun Szolnok
杰尔莫松肖普朗,Jieermosong Sopron
科马罗姆,Komárom
诺格拉德,Nograd
佩斯,Pace
琼格拉德,Csongrád
绍莫吉,Somogy
索博尔奇索特马尔贝拉格,Szabolcs-Szatmar-Bereg
托尔瑙,Tolna
维斯普雷姆,Veszprém
沃什,Walsh
佐洛,Zala
叙利亚,Syria
阿勒颇,Aleppo
大马士革,Damascus
大马士革市,Damascus City
代尔祖尔,Deir ez-Zor
德拉,De la
哈马,Hama
哈塞克,Hasek
霍姆斯,Holmes
加布,Gabe
卡米什利,Qamishli
库奈特拉,Quneitra
拉卡,La
拉塔基亚,Latakia
苏韦达,Suwayda
塔尔图斯,Tartous
伊德利卜,Idlib
牙买加,Jamaica
波特兰,Portland
汉诺威,Hanover
金斯敦,Kingston
克拉伦登,Clarendon
曼彻斯特,Manchester
圣安德鲁斯,St Andrews
圣安娜,Santa Ana
圣凯瑟琳,St. Catherine
圣玛丽,St. Mary's
圣托马斯,St. Thomas
圣伊丽莎白,St. Elizabeth
圣詹姆斯,St James
特里洛尼,Trelawny
西摩兰,Westmoreland
亚美尼亚,Armenia
阿尔马维尔,Armavir
阿拉加措特恩,Aragatsotn
阿拉拉特,Ararat
埃里温市,Yerevan City
格加尔库尼克,Gegharkunik
科泰克,Kotayk
洛里,Lori
塔武什,Tavus
瓦约茨佐尔,Vayoc Jor
希拉克,Chirac
休尼克,Syunik
也门,Yemen
阿比扬,Abyan
阿姆兰,Amran
贝达,Beida
达利,Daly
哈德拉毛,Hadhramaut
哈杰,Hajjah
荷台达,Hodeidah
焦夫,Jawf
拉赫季,Lahij
马里卜,Marib
迈赫拉,Mai Hela
迈赫维特,Al Mahwit
萨达,Sardar
萨那,Sanaa
赛文,Severn
舍卜沃,Shabwa
塔伊兹,Taiz
希赫尔,Xi Heer
亚丁,Aden
伊卜,Ibb
扎玛尔,Dhamar
伊拉克,Iraq
伊朗,Iran
以色列,Israel
阿什杜德,Ashdod
贝尔谢巴,Beersheba
贝特雁,Bat Yam
海法,Haifa
霍隆,Holon
内坦亚,Netanya
特拉维夫,Tel Aviv
耶路撒冷,Jerusalem
意大利,Italy
阿斯蒂,Asti
阿斯科利皮切诺,Ascoli Piceno
安科纳,Ancona
奥尔比亚,Olbia
奥里斯塔诺,Oristano
奥斯塔,Aosta
巴勒莫,Palermo
巴里,Barry
贝加莫,Bergamo
贝内文托,Benevento
比萨,Pizza
波代诺内,Pordenone
波坦察,Potenza
博洛尼亚,Bologna
布拉,Brad
布雷西亚,Brescia
布林迪西,Brindisi
的里雅斯特,Trieste
都灵,Turin
费拉拉,Ferrara
佛罗伦萨,Florence
福贾,Foggia
卡利亚里,Cagliari
卡塞塔,Caserta
卡塔尼亚,Catania
卡坦扎罗,Catanzaro
坎波巴索,Campobasso
科摩,Como
科森扎,Cosenza
克罗托内,Crotone
库内奥,Cuneo
拉奎拉,L'Aquila
拉斯佩齐亚,La Spezia
莱科,Lecco
莱切,Lecce
雷焦艾米利亚,Reggio Emilia
雷焦卡拉布里亚,Reggio Calabria
里窝那,Livorno
罗马,Rome
马萨,Massa
马泰拉,Matera
蒙扎,Monza
米兰,Milan
摩德纳,Modena
墨西拿,Messina
那不勒斯,Naples
努奥罗,Nuoro
诺瓦拉,Novara
帕尔马,Parma
帕维亚,Pavia
佩鲁贾,Perugia
热那亚,Genoa
萨莱诺,Salerno
萨萨里,Sassari
萨沃纳,Savona
塔兰托,Taranto
特拉帕尼,Trapani
特伦托,Trento
威尼斯,Venice
韦尔切利,Vercelli
维泰博,Viterbo
乌迪内,Udine
锡拉库扎,Syracuse
锡耶纳,Siena
亚历山德里亚,Alexandria
伊塞尔尼亚,Isernia
印度,India
艾藻尔,Aizawl
班加罗尔,Bangalore
本地治里,Pondicherry
博帕尔,Bhopal
布巴内斯瓦尔,Bhubaneswar
昌迪加尔,Chandigarh
达曼,Dammam
第乌,Diu
甘托克,Gangtok
哥印拜陀,Coimbatore
加尔各答,Calcutta
加里加尔,Gary Gard
贾巴尔普尔,Jabalpur
贾朗达尔,Jalandhar
焦特布尔,Jodhpur
金奈,Chennai
卡瓦拉蒂,Kavaratti
科希马,Kohima
马埃,Mahe
马杜赖,Madurai
森伯尔布尔,Sambalpur
特里凡得琅,Trivandrum
乌代布尔,Udaipur
西隆,Shillong
锡尔萨瓦,Sill Savoie
新德里,New Delhi
亚南,Narayanan
因帕尔,Imphal
印多尔,Indore
斋普尔,Jaipur
印度尼西亚,Indonesia
巴厘,Bali
邦加勿里洞群岛,Bangka Belitung Islands
北苏拉威西,North Sulawesi
北苏门答腊,North Sumatra
大雅加达首都特区,Greater Jakarta Capital Territory
东加里曼丹,East Kalimantan
东南苏拉威西,Southeast Sulawesi
东努沙登加拉,East Nusa Tenggara
东爪哇,East Java
廖内,Riau
马鲁古,Maluku
明古鲁,Bengkulu
南加里曼丹,South Kalimantan
南苏拉威西,South Sulawesi
南苏门答腊,South Sumatra
楠榜,Lampung
日惹特区,"Yogyakarta, DC"
万丹,Banten
西努沙登加拉,West Nusa Tenggara
西苏门答腊,West Sumatra
西爪哇,West Java
雅加达,Jakarta
亚齐,Aceh
伊里安查亚,Irian Jaya
占碑,Jambi
中加里曼丹,Central Kalimantan
中苏拉威西,Central Sulawesi
中爪哇,Central Java
英国,Britain
北爱尔兰,Northern Ireland
贝尔法斯特,Belfast
德里,Delhi
利斯本,Lisburn
纽里,Newry
苏格兰,Scotland
阿伯丁,Aberdeen
爱丁堡,Edinburgh
丹迪,Dundee
格拉斯哥,Glasgow
斯特灵,Sterling
因弗内斯,Inverness
威尔士,Wales
班戈,Bangor
卡迪夫,Cardiff
纽波特,Newport
斯旺西,Swansea
英格兰,England
爱塞特,Exeter
巴斯,Bath
彼得伯勒,Peterborough
伯明翰,Birmingham
布拉德福德,Bradford
布莱顿与赫福,Brighton and Hefu
布里斯托尔,Bristol
德比,Derby
德罕,Durham
格洛斯特,Gloucestershire
赫尔河畔京斯敦,Kingston upon Hull
赫里福德,Hereford
剑桥,Cambridge
卡莱尔,Carlisle
坎特伯雷,Canterbury
考文垂,Coventry
兰开斯特,Lancaster
里彭,Ripon
利奇菲尔德,Litchfield
利物浦,Liverpool
利,Leeds
列斯特,Leicester
林肯,Lincoln
伦敦,London
曼彻斯特,Manchester
南安普敦,Southampton
牛津,Oxford
纽卡斯尔,Newcastle
诺丁汉,Nottingham
诺里奇,Norwich
朴茨茅斯,Portsmouth
普雷斯顿,Preston
普利茅斯,Plymouth
奇切斯特,Chichester
切斯特,Chester
桑德兰,Sunderland
圣阿本斯,St. Albans
索尔斯堡,Salisbury
索福特,Salford
特鲁罗,Truro
特伦特河畔斯多克,Stoke-on-Trent
威尔斯,Wales
韦克菲尔德,Wakefield
温彻斯特,Winchester
伍尔弗汉普顿,Wolverhampton
伍斯特,Worcester
谢菲尔德,Sheffield
伊利,Erie
约克,York
英属印度洋领地,British Indian Ocean Territory
约旦,Jordan
阿吉隆,Ajlun
安曼,Amman
拜勒加,Baile Jia
杰拉什,Jerash
卡拉克,Karak
鲁赛法,Lu race law
马安,Maan
马德巴,Madaba
马夫拉克,Mafraq
塔菲拉,Tafila
亚喀巴,Aqaba
伊尔比德,Irbid
扎尔卡,Zarqa
越南,Vietnam
海防,Coast defense
河内,Hanoi
胡志明市,Ho Chi Minh City
赞比亚,Zambia
北方,North
东方,East
卢阿普拉,Luapula
卢萨卡,Lusaka
南方,South
铜带,Copperbelt
西北,Northwest
西方,West
中央,Central
泽西岛,Jersey
乍得,Chad
直布罗陀,Gibraltar
智利,Chile
阿劳卡尼亚大区,Araucanía Region
阿塔卡马大区,Atacama
安托法加斯塔大区,Antofagasta Region
比奥比奥大区,Bío Bío Region
复活节岛,Easter Island
湖大区,Lake District
科金博大区,Coquimbo Region
马乌莱大区,Maule
麦哲伦智利南极大区,Magellan Chi Lee Nam greatly
圣地亚哥,San Diego
塔拉帕卡大区,Tarapaca
瓦尔帕莱索大区,Valparaíso
伊瓦涅斯将军的艾森大区,General Ibanez Essen Region
中非共和国,Central African Republic
巴明吉班戈兰,Baming Ji Ban Golan
班吉直辖市,Bangui municipalities
宾博,Bimbo
凯莫,Kemo
洛巴伊,Lobaye
曼贝雷卡代,Manbeileika generation
姆博穆,Mbomou
纳纳格里比齐,Nana Grebizi
纳纳曼贝雷,Nana Man Bailey
桑加姆巴埃雷,Sanja Mba Ailey
上科托,Haute-Kotto
上姆博穆,Haut-Mbomou
瓦卡,Waka
瓦卡加,Vakaga
瓦姆,Ouham
瓦姆彭代,The Ouham Peng on behalf of
翁贝拉姆波科,Von Bayram Burke
下科托,Basse-Kotto
